country,year,icd_tot,icd_1000,pop,ef_os,ps,unem,gulf
Angola,1991,516,0.042126228,12248901,N/A,N/A,3.75,Guinea
Angola,1992,2346,0.18534662,12657366,N/A,N/A,3.779999971,Guinea
Angola,1993,12054,0.921908591,13075049,N/A,N/A,3.849999905,Guinea
Angola,1994,3974,0.294288689,13503747,N/A,N/A,3.869999886,Guinea
Angola,1995,187,0.013409626,13945206,27.4,N/A,3.859999895,Guinea
Angola,1996,29,0.002013788,14400719,24.4,-2.06,3.859999895,Guinea
Angola,1997,51,0.003429362,14871570,24.2,N/A,3.859999895,Guinea
Angola,1998,1066,0.069402845,15359601,24.9,-2.31,3.859999895,Guinea
Angola,1999,2273,0.143254476,15866869,23.7,N/A,3.880000114,Guinea
Angola,2000,1000,0.060992446,16395473,24.3,-2.04,3.869999886,Guinea
Angola,2001,1123,0.066270292,16945753,N/A,N/A,3.849999905,Guinea
Angola,2002,526,0.03002383,17519417,N/A,-1.58,3.880000114,Guinea
Angola,2003,25,0.001379578,18121479,N/A,-1.01,3.880000114,Guinea
Angola,2004,25,0.001332754,18758145,N/A,-1.06,3.849999905,Guinea
Angola,2005,0,0,19433602,N/A,-0.89,3.809999943,Guinea
Angola,2006,0,0,20149901,43.5,-0.54,3.730000019,Guinea
Angola,2007,25,0.001195865,20905363,44.7,-0.67,3.660000086,Guinea
Angola,2008,0,0,21695634,46.9,-0.36,3.630000114,Guinea
Angola,2009,25,0.001110406,22514281,47,-0.35,3.779999971,Guinea
Angola,2010,0,0,23356246,48.4,-0.23,9.430000305,Guinea
Angola,2011,0,0,24220661,46.2,-0.37,7.360000134,Guinea
Angola,2012,0,0,25107931,46.7,-0.39,7.369999886,Guinea
Angola,2013,0,0,26015780,47.3,-0.39,7.380000114,Guinea
Angola,2014,0,0,26941779,47.7,-0.33,7.309999943,Guinea
Angola,2015,0,0,27884381,47.9,-0.5,7.260000229,Guinea
Angola,2016,25,0.000866777,28842484,48.9,-0.32,7.199999809,Guinea
Angola,2017,25,0.000838455,29816748,48.5,-0.33,7.099999905,Guinea
Angola,2018,0,0,30809762,48.6,-0.32,7,Guinea
Angola,2019,25,0.000785539,31825295,50.6,-0.31,6.929999828,Guinea
Benin,1991,0,0,5149499,N/A,N/A,1.480000019,Guinea
Benin,1992,0,0,5331803,N/A,N/A,1.50999999,Guinea
Benin,1993,0,0,5521763,N/A,N/A,1.460000038,Guinea
Benin,1994,0,0,5714220,N/A,N/A,1.370000005,Guinea
Benin,1995,0,0,5905558,N/A,N/A,1.269999981,Guinea
Benin,1996,0,0,6094259,54.5,1.05,1.179999948,Guinea
Benin,1997,0,0,6281639,61.3,N/A,1.080000043,Guinea
Benin,1998,0,0,6470265,61.7,0.74,1,Guinea
Benin,1999,0,0,6664098,60.6,N/A,0.920000017,Guinea
Benin,2000,0,0,6865951,61.5,0.8,0.839999974,Guinea
Benin,2001,0,0,7076733,60.1,N/A,0.75,Guinea
Benin,2002,0,0,7295394,57.3,0.82,0.689999998,Guinea
Benin,2003,0,0,7520555,54.9,0.68,0.730000019,Guinea
Benin,2004,0,0,7750004,54.6,0.27,0.769999981,Guinea
Benin,2005,0,0,7982225,52.3,0.45,0.800000012,Guinea
Benin,2006,0,0,8216897,54,0.55,0.810000002,Guinea
Benin,2007,0,0,8454793,55.1,0.39,0.819999993,Guinea
Benin,2008,0,0,8696921,55.2,0.37,0.850000024,Guinea
Benin,2009,0,0,8944708,55.4,0.4,0.970000029,Guinea
Benin,2010,0,0,9199259,55.4,0.26,1.039999962,Guinea
Benin,2011,0,0,9460830,56,0.32,2.650000095,Guinea
Benin,2012,0,0,9729248,55.7,0.36,2.650000095,Guinea
Benin,2013,0,0,10004588,57.6,0.3,2.660000086,Guinea
Benin,2014,0,0,10286842,57.1,0.03,2.609999895,Guinea
Benin,2015,0,0,10575952,58.8,-0.01,2.569999933,Guinea
Benin,2016,0,0,10872067,59.3,0,2.519999981,Guinea
Benin,2017,0,0,11175204,59.2,0.03,2.440000057,Guinea
Benin,2018,0,0,11485048,56.7,-0.13,2.369999886,Guinea
Benin,2019,0,0,11801151,55.3,-0.35,2.319999933,Guinea
Cameroon,1991,0,0,12137912,N/A,N/A,7.789999962,Guinea
Cameroon,1992,0,0,12499499,N/A,N/A,7.880000114,Guinea
Cameroon,1993,0,0,12864090,N/A,N/A,8.020000458,Guinea
Cameroon,1994,0,0,13230984,N/A,N/A,8.06000042,Guinea
Cameroon,1995,0,0,13599988,51.3,N/A,8.06000042,Guinea
Cameroon,1996,0,0,13970813,45.7,-0.96,8.06000042,Guinea
Cameroon,1997,0,0,14344449,44.6,N/A,7.929999828,Guinea
Cameroon,1998,0,0,14723768,48,-0.78,7.809999943,Guinea
Cameroon,1999,0,0,15112592,50.3,N/A,7.75,Guinea
Cameroon,2000,0,0,15513945,49.9,-0.56,7.599999905,Guinea
Cameroon,2001,0,0,15928910,53.3,N/A,7.460000038,Guinea
Cameroon,2002,0,0,16357602,52.8,-0.68,6.679999828,Guinea
Cameroon,2003,0,0,16800865,52.7,-0.43,5.900000095,Guinea
Cameroon,2004,0,0,17259322,52.3,-0.36,5.130000114,Guinea
Cameroon,2005,0,0,17733410,53,-0.18,4.400000095,Guinea
Cameroon,2006,0,0,18223674,54.6,-0.25,3.690000057,Guinea
Cameroon,2007,0,0,18730282,55.6,-0.33,3.059999943,Guinea
Cameroon,2008,0,0,19252666,54.3,-0.55,3.309999943,Guinea
Cameroon,2009,0,0,19789919,53,-0.47,3.769999981,Guinea
Cameroon,2010,0,0,20341241,52.3,-0.74,4.110000134,Guinea
Cameroon,2011,0,0,20906388,51.8,-0.66,3.970000029,Guinea
Cameroon,2012,0,0,21485266,51.8,-0.59,3.839999914,Guinea
Cameroon,2013,0,0,22077298,52.3,-0.53,3.710000038,Guinea
Cameroon,2014,0,0,22681858,52.6,-1.06,3.529999971,Guinea
Cameroon,2015,995,0.042706854,23298368,51.9,-0.99,3.50999999,Guinea
Cameroon,2016,221,0.009236605,23926539,54.2,-1.06,3.470000029,Guinea
Cameroon,2017,98,0.003989246,24566045,51.8,-1.1,3.410000086,Guinea
Cameroon,2018,751,0.029782398,25216237,51.9,-1.39,3.359999895,Guinea
Cameroon,2019,693,0.02678118,25876380,52.4,-1.56,3.319999933,Guinea
Democratic Republic of Congo,1991,0,0,35908244,N/A,N/A,19.59000015,Guinea
Democratic Republic of Congo,1992,0,0,37333914,N/A,N/A,19.71999931,Guinea
Democratic Republic of Congo,1993,0,0,38815834,N/A,N/A,19.93000031,Guinea
Democratic Republic of Congo,1994,0,0,40252975,N/A,N/A,20,Guinea
Democratic Republic of Congo,1995,0,0,41576234,41.4,N/A,19.98999977,Guinea
Democratic Republic of Congo,1996,1304,0.030497757,42757243,39.5,-2.68,19.98999977,Guinea
Democratic Republic of Congo,1997,4457,0.101694884,43827180,39.5,N/A,19.96999931,Guinea
Democratic Republic of Congo,1998,3268,0.07286516,44849967,40.6,-2.84,19.96999931,Guinea
Democratic Republic of Congo,1999,2953,0.064308033,45919613,34,N/A,20.04999924,Guinea
Democratic Republic of Congo,2000,1294,0.027470063,47105826,34.8,-2.48,20,Guinea
Democratic Republic of Congo,2001,454,0.009374636,48428545,N/A,N/A,19.95999908,Guinea
Democratic Republic of Congo,2002,0,0,49871666,N/A,-1.98,20.04000092,Guinea
Democratic Republic of Congo,2003,0,0,51425580,N/A,-2.03,20.03000069,Guinea
Democratic Republic of Congo,2004,0,0,53068880,N/A,-2.39,19.94000053,Guinea
Democratic Republic of Congo,2005,34,0.000620598,54785903,N/A,-2.13,19.79999924,Guinea
Democratic Republic of Congo,2006,182,0.003216796,56578037,N/A,-2.25,18.61000061,Guinea
Democratic Republic of Congo,2007,632,0.010811979,58453683,N/A,-2.18,17.48999977,Guinea
Democratic Republic of Congo,2008,736,0.012183172,60411195,N/A,-2.01,16.52000046,Guinea
Democratic Republic of Congo,2009,0,0,62448574,42.8,-2,16.10000038,Guinea
Democratic Republic of Congo,2010,0,0,64563854,41.4,-2.2,13.94999981,Guinea
Democratic Republic of Congo,2011,41,0.000614185,66755153,40.7,-2.21,11.89000034,Guinea
Democratic Republic of Congo,2012,703,0.010185343,69020747,41.1,-2.09,10,Guinea
Democratic Republic of Congo,2013,1473,0.020642161,71358807,39.6,-2.19,10.01000023,Guinea
Democratic Republic of Congo,2014,138,0.001870744,73767447,40.6,-2.17,9.949999809,Guinea
Democratic Republic of Congo,2015,0,0,76244544,45,-2.15,9.899999619,Guinea
Democratic Republic of Congo,2016,477,0.006054135,78789127,46.4,-2.23,9.850000381,Guinea
Democratic Republic of Congo,2017,3395,0.04170825,81398764,56.4,-2.35,9.75,Guinea
Democratic Republic of Congo,2018,425,0.005055426,84068091,52.1,-2.11,9.659999847,Guinea
Democratic Republic of Congo,2019,177,0.002039392,86790567,50.3,-1.81,9.600000381,Guinea
Djibouti,1991,59,0.097224328,606844,N/A,N/A,11.38000011,Aden
Djibouti,1992,129,0.209737682,615054,N/A,N/A,11.47000027,Aden
Djibouti,1993,33,0.053355322,618495,N/A,N/A,11.60999966,Aden
Djibouti,1994,39,0.062664092,622366,N/A,N/A,11.65999985,Aden
Djibouti,1995,0,0,630388,N/A,N/A,11.64999962,Aden
Djibouti,1996,0,0,643654,N/A,-0.34,11.65999985,Aden
Djibouti,1997,0,0,660863,54.5,N/A,11.64000034,Aden
Djibouti,1998,0,0,680463,55.9,-0.96,11.64000034,Aden
Djibouti,1999,25,0.035715561,699975,57.1,N/A,11.69999981,Aden
Djibouti,2000,0,0,717584,55.1,-0.24,11.65999985,Aden
Djibouti,2001,0,0,733015,58.3,N/A,11.63000011,Aden
Djibouti,2002,0,0,746942,57.8,-0.31,11.68999958,Aden
Djibouti,2003,0,0,759641,55.7,-0.91,11.68999958,Aden
Djibouti,2004,0,0,771603,55.6,-0.34,11.61999989,Aden
Djibouti,2005,0,0,783254,55.2,-0.81,11.52000046,Aden
Djibouti,2006,0,0,794563,53.2,-0.26,11.34000015,Aden
Djibouti,2007,0,0,805451,52.4,-0.12,11.17000008,Aden
Djibouti,2008,0,0,816358,51.2,0.27,11.10000038,Aden
Djibouti,2009,0,0,827823,51.3,0.49,11.46000004,Aden
Djibouti,2010,0,0,840198,51,0.25,11.52000046,Aden
Djibouti,2011,0,0,853674,54.5,0.18,11.51000023,Aden
Djibouti,2012,0,0,868136,53.9,0.16,11.52000046,Aden
Djibouti,2013,0,0,883293,53.9,-0.1,11.53999996,Aden
Djibouti,2014,0,0,898696,55.9,-0.77,11.44999981,Aden
Djibouti,2015,0,0,913993,57.5,-0.44,11.39000034,Aden
Djibouti,2016,0,0,929112,56,-0.63,11.31000042,Aden
Djibouti,2017,0,0,944097,46.7,-0.74,11.18000031,Aden
Djibouti,2018,0,0,958920,45.1,-0.13,11.06000042,Aden
Djibouti,2019,0,0,973560,47.1,-0.34,10.97000027,Aden
Equitorial Guinea,1991,0,0,432853,N/A,N/A,8.300000191,Guinea
Equitorial Guinea,1992,0,0,447266,N/A,N/A,8.380000114,Guinea
Equitorial Guinea,1993,0,0,462637,N/A,N/A,8.5,Guinea
Equitorial Guinea,1994,0,0,479098,N/A,N/A,8.539999962,Guinea
Equitorial Guinea,1995,0,0,496768,N/A,N/A,8.539999962,Guinea
Equitorial Guinea,1996,0,0,515853,N/A,-0.13,8.539999962,Guinea
Equitorial Guinea,1997,0,0,536460,N/A,N/A,8.529999733,Guinea
Equitorial Guinea,1998,0,0,558492,N/A,-0.08,8.529999733,Guinea
Equitorial Guinea,1999,0,0,581770,45.1,N/A,8.569999695,Guinea
Equitorial Guinea,2000,0,0,606181,45.6,-0.04,8.539999962,Guinea
Equitorial Guinea,2001,0,0,631666,47.9,N/A,8.520000458,Guinea
Equitorial Guinea,2002,0,0,658384,46.4,-0.52,8.569999695,Guinea
Equitorial Guinea,2003,0,0,686664,53.1,0.11,8.56000042,Guinea
Equitorial Guinea,2004,0,0,716949,53.3,-0.06,8.510000229,Guinea
Equitorial Guinea,2005,0,0,749535,53.3,-0.39,8.420000076,Guinea
Equitorial Guinea,2006,0,0,784496,51.5,0.17,8.260000229,Guinea
Equitorial Guinea,2007,0,0,821687,53.2,0.26,8.119999886,Guinea
Equitorial Guinea,2008,0,0,860840,51.6,0.2,8.06000042,Guinea
Equitorial Guinea,2009,0,0,901599,51.3,0.37,8.369999886,Guinea
Equitorial Guinea,2010,0,0,943639,48.6,0.24,8.420000076,Guinea
Equitorial Guinea,2011,0,0,986853,47.5,0.15,8.420000076,Guinea
Equitorial Guinea,2012,0,0,1031191,42.8,0.23,8.430000305,Guinea
Equitorial Guinea,2013,0,0,1076413,42.3,0.12,8.43999958,Guinea
Equitorial Guinea,2014,0,0,1122276,44.4,-0.37,8.359999657,Guinea
Equitorial Guinea,2015,0,0,1168568,40.4,-0.21,8.31000042,Guinea
Equitorial Guinea,2016,0,0,1215179,43.7,-0.14,8.239999771,Guinea
Equitorial Guinea,2017,0,0,1262001,45,-0.17,8.130000114,Guinea
Equitorial Guinea,2018,0,0,1308974,42,-0.08,8.029999733,Guinea
Equitorial Guinea,2019,0,0,1355986,41,-0.19,7.949999809,Guinea
Gabon,1991,0,0,975783,N/A,N/A,17.51000023,Guinea
Gabon,1992,0,0,1002579,N/A,N/A,17.61000061,Guinea
Gabon,1993,0,0,1029778,N/A,N/A,17.78000069,Guinea
Gabon,1994,0,0,1057255,N/A,N/A,17.77000046,Guinea
Gabon,1995,0,0,1084946,57.5,N/A,17.70000076,Guinea
Gabon,1996,0,0,1112955,55.7,0.12,17.63999939,Guinea
Gabon,1997,0,0,1141338,58.8,N/A,17.55999947,Guinea
Gabon,1998,0,0,1170061,59.2,0.32,17.48999977,Guinea
Gabon,1999,0,0,1199052,60.5,N/A,17.48999977,Guinea
Gabon,2000,0,0,1228360,58.2,0.64,17.38999939,Guinea
Gabon,2001,0,0,1258003,55,N/A,17.29000092,Guinea
Gabon,2002,0,0,1288315,58,0.41,17.29000092,Guinea
Gabon,2003,0,0,1319953,58.7,0.3,17.21999931,Guinea
Gabon,2004,0,0,1353795,57.1,0.41,17.07999992,Guinea
Gabon,2005,0,0,1390549,54.8,0.33,16.90999985,Guinea
Gabon,2006,0,0,1430152,56.1,0.22,17.37000084,Guinea
Gabon,2007,0,0,1472575,54.8,0.3,17.84000015,Guinea
Gabon,2008,0,0,1518540,54.2,0.26,18.44000053,Guinea
Gabon,2009,0,0,1568928,55,0.14,19.59000015,Guinea
Gabon,2010,0,0,1624140,55.4,0.3,20.38999939,Guinea
Gabon,2011,0,0,1684635,56.7,0.38,20.37999916,Guinea
Gabon,2012,0,0,1749682,56.4,0.29,20.39999962,Guinea
Gabon,2013,0,0,1817071,57.8,0.33,20.40999985,Guinea
Gabon,2014,0,0,1883800,57.8,0.15,20.29999924,Guinea
Gabon,2015,0,0,1947686,58.3,0.02,20.21999931,Guinea
Gabon,2016,0,0,2007873,59,-0.1,20.11000061,Guinea
Gabon,2017,0,0,2064823,58.6,-0.1,19.93000031,Guinea
Gabon,2018,0,0,2119275,58,-0.25,19.77000046,Guinea
Gabon,2019,0,0,2172579,56.3,-0.18,19.63999939,Guinea
Ghana,1991,0,0,15207367,N/A,N/A,4.659999847,Guinea
Ghana,1992,0,0,15653336,N/A,N/A,4.699999809,Guinea
Ghana,1993,0,0,16106765,N/A,N/A,5.28000021,Guinea
Ghana,1994,0,0,16561674,N/A,N/A,5.840000153,Guinea
Ghana,1995,0,0,17014057,55.6,N/A,6.389999866,Guinea
Ghana,1996,0,0,17462496,57.7,-0.23,6.96999979,Guinea
Ghana,1997,0,0,17908985,56.7,N/A,7.570000172,Guinea
Ghana,1998,0,0,18357156,57,-0.14,8.199999809,Guinea
Ghana,1999,0,0,18812359,57.9,N/A,10.10000038,Guinea
Ghana,2000,0,0,19278856,58.1,-0.36,10.35999966,Guinea
Ghana,2001,0,0,19756928,58,N/A,9.260000229,Guinea
Ghana,2002,0,0,20246381,57.2,-0.16,8.300000191,Guinea
Ghana,2003,0,0,20750299,58.2,0.03,7.340000153,Guinea
Ghana,2004,0,0,21272323,59.1,0.04,6.400000095,Guinea
Ghana,2005,0,0,21814642,56.5,0.17,5.5,Guinea
Ghana,2006,0,0,22379055,55.6,0.01,4.639999866,Guinea
Ghana,2007,0,0,22963946,57.6,-0.07,4.690000057,Guinea
Ghana,2008,0,0,23563825,57,-0.03,4.789999962,Guinea
Ghana,2009,0,0,24170940,58.1,0.03,5.139999866,Guinea
Ghana,2010,0,0,24779619,60.2,0.03,5.320000172,Guinea
Ghana,2011,0,0,25387710,59.4,0.17,5.619999886,Guinea
Ghana,2012,0,0,25996449,60.7,0.13,5.929999828,Guinea
Ghana,2013,0,0,26607642,61.3,0.06,6.260000229,Guinea
Ghana,2014,0,0,27224472,64.2,-0.11,6.519999981,Guinea
Ghana,2015,0,0,27849205,63,-0.03,6.809999943,Guinea
Ghana,2016,0,0,28481946,63,-0.13,5.449999809,Guinea
Ghana,2017,0,0,29121471,56.2,0.09,4.21999979,Guinea
Ghana,2018,0,0,29767108,56,-0.02,4.159999847,Guinea
Ghana,2019,0,0,30417856,57.5,0.1,4.119999886,Guinea
Ivory coast,1991,0,0,12362407,N/A,N/A,6.619999886,Guinea
Ivory coast,1992,0,0,12812421,N/A,N/A,6.699999809,Guinea
Ivory coast,1993,0,0,13271643,N/A,N/A,5.840000153,Guinea
Ivory coast,1994,0,0,13735433,N/A,N/A,4.949999809,Guinea
Ivory coast,1995,0,0,14199762,53.4,N/A,4.099999905,Guinea
Ivory coast,1996,0,0,14665127,49.9,0.03,4.099999905,Guinea
Ivory coast,1997,0,0,15130663,50.5,N/A,4.099999905,Guinea
Ivory coast,1998,0,0,15589414,51.3,-0.2,4.099999905,Guinea
Ivory coast,1999,0,0,16032573,51.7,N/A,4.329999924,Guinea
Ivory coast,2000,0,0,16454668,50.2,-1.24,4.519999981,Guinea
Ivory coast,2001,0,0,16853026,54.8,N/A,4.710000038,Guinea
Ivory coast,2002,624,0.036212668,17231539,57.3,-1.92,4.960000038,Guinea
Ivory coast,2003,139,0.007897902,17599610,56.7,-1.8,5.179999828,Guinea
Ivory coast,2004,47,0.002615398,17970494,57.8,-2.12,5.360000134,Guinea
Ivory coast,2005,0,0,18354514,56.6,-2.26,5.510000229,Guinea
Ivory coast,2006,0,0,18754916,56.2,-1.87,5.610000134,Guinea
Ivory coast,2007,0,0,19171237,54.9,-1.84,5.710000038,Guinea
Ivory coast,2008,0,0,19605569,53.9,-1.81,5.880000114,Guinea
Ivory coast,2009,0,0,20059147,55,-1.32,6.409999847,Guinea
Ivory coast,2010,0,0,20532950,54.1,-1.58,6.710000038,Guinea
Ivory coast,2011,98,0.004660308,21028655,55.4,-1.41,6.960000038,Guinea
Ivory coast,2012,0,0,21547188,54.3,-1.26,7.21999979,Guinea
Ivory coast,2013,0,0,22087505,54.1,-1.05,4.25,Guinea
Ivory coast,2014,0,0,22647683,57.7,-1.04,3.650000095,Guinea
Ivory coast,2015,0,0,23226143,58.5,-0.83,3.099999905,Guinea
Ivory coast,2016,0,0,23822714,60,-0.91,2.599999905,Guinea
Ivory coast,2017,0,0,24437469,63,-1.09,3.269999981,Guinea
Ivory coast,2018,0,0,25069229,62,-0.89,3.210000038,Guinea
Ivory coast,2019,0,0,25716544,62.4,-0.96,3.170000076,Guinea
Liberia ,1991,0,0,2040139,N/A,N/A,2.210000038,Guinea
Liberia ,1992,0,0,2001624,N/A,N/A,2.24000001,Guinea
Liberia ,1993,0,0,1976699,N/A,N/A,2.299999952,Guinea
Liberia ,1994,0,0,1986493,N/A,N/A,2.319999933,Guinea
Liberia ,1995,0,0,2044661,N/A,N/A,2.319999933,Guinea
Liberia ,1996,0,0,2160478,N/A,-2.44,2.319999933,Guinea
Liberia ,1997,0,0,2326202,N/A,N/A,2.309999943,Guinea
Liberia ,1998,0,0,2517481,N/A,-1.75,2.309999943,Guinea
Liberia ,1999,0,0,2699712,N/A,N/A,2.339999914,Guinea
Liberia ,2000,57,0.020010841,2848456,N/A,-1.95,2.319999933,Guinea
Liberia ,2001,341,0.115439549,2953927,N/A,N/A,2.309999943,Guinea
Liberia ,2002,492,0.1626592,3024729,N/A,-2.19,2.329999924,Guinea
Liberia ,2003,787,0.255763785,3077058,N/A,-2.16,2.329999924,Guinea
Liberia ,2004,0,0,3135651,N/A,-1.37,2.299999952,Guinea
Liberia ,2005,0,0,3218116,N/A,-1.36,2.269999981,Guinea
Liberia ,2006,0,0,3329211,N/A,-1.33,2.190000057,Guinea
Liberia ,2007,0,0,3461911,N/A,-1.24,2.130000114,Guinea
Liberia ,2008,0,0,3607860,N/A,-1.29,2.109999895,Guinea
Liberia ,2009,0,0,3754133,48.1,-1.05,2.24000001,Guinea
Liberia ,2010,0,0,3891356,46.2,-0.47,2.269999981,Guinea
Liberia ,2011,0,0,4017443,46.5,-0.43,2.24000001,Guinea
Liberia ,2012,0,0,4135659,48.6,-0.48,2.210000038,Guinea
Liberia ,2013,0,0,4248334,49.3,-0.48,2.190000057,Guinea
Liberia ,2014,0,0,4359505,52.4,-0.62,2.130000114,Guinea
Liberia ,2015,0,0,4472230,52.7,-0.82,2.079999924,Guinea
Liberia ,2016,0,0,4586788,52.2,-0.44,3.079999924,Guinea
Liberia ,2017,0,0,4702228,49.1,-0.36,3,Guinea
Liberia ,2018,0,0,4818977,50.9,-0.25,2.940000057,Guinea
Liberia ,2019,0,0,4937374,49.7,-0.23,2.890000105,Guinea
Nigeria,1991,0,0,97667632,N/A,N/A,3.710000038,Guinea
Nigeria,1992,0,0,100161710,N/A,N/A,3.75,Guinea
Nigeria,1993,0,0,102700753,N/A,N/A,3.809999943,Guinea
Nigeria,1994,0,0,105293700,N/A,N/A,3.829999924,Guinea
Nigeria,1995,0,0,107948335,47.3,N/A,3.829999924,Guinea
Nigeria,1996,0,0,110668794,47.4,-1.06,3.829999924,Guinea
Nigeria,1997,0,0,113457663,52.8,N/A,3.829999924,Guinea
Nigeria,1998,0,0,116319759,52.3,-0.59,3.829999924,Guinea
Nigeria,1999,0,0,119260063,55.7,N/A,3.849999905,Guinea
Nigeria,2000,0,0,122283850,53.1,-1.46,3.829999924,Guinea
Nigeria,2001,0,0,125394046,49.6,N/A,3.819999933,Guinea
Nigeria,2002,0,0,128596076,50.9,-1.63,3.849999905,Guinea
Nigeria,2003,0,0,131900631,49.5,-1.63,3.839999914,Guinea
Nigeria,2004,130,0.000960683,135320422,49.2,-1.75,3.809999943,Guinea
Nigeria,2005,0,0,138865016,48.4,-1.67,3.769999981,Guinea
Nigeria,2006,0,0,142538308,48.7,-2.03,3.690000057,Guinea
Nigeria,2007,0,0,146339977,55.6,-2.01,3.619999886,Guinea
Nigeria,2008,0,0,150269623,55.1,-1.86,3.589999914,Guinea
Nigeria,2009,405,0.002624333,154324933,55.1,-2,3.75,Guinea
Nigeria,2010,0,0,158503197,56.8,-2.21,3.769999981,Guinea
Nigeria,2011,324,0.00199011,162805071,56.7,-1.96,3.769999981,Guinea
Nigeria,2012,811,0.004849644,167228767,56.3,-2.04,3.74000001,Guinea
Nigeria,2013,1629,0.009483845,171765769,55.1,-2.09,3.700000048,Guinea
Nigeria,2014,4780,0.027096753,176404902,54.3,-2.13,4.559999943,Guinea
Nigeria,2015,4622,0.025516535,181137448,55.6,-1.93,4.309999943,Guinea
Nigeria,2016,2448,0.013164101,185960289,57.5,-1.88,7.059999943,Guinea
Nigeria,2017,1879,0.009844226,190873311,57.1,-2,8.390000343,Guinea
Nigeria,2018,1171,0.00597831,195874740,58.5,-2.09,8.449999809,Guinea
Nigeria,2019,1327,0.006603186,200963599,57.3,-1.93,8.529999733,Guinea
Republic of Congo,1991,0,0,2422305,N/A,N/A,19.59000015,Guinea
Republic of Congo,1992,0,0,2489952,N/A,N/A,19.71999931,Guinea
Republic of Congo,1993,53,0.020704152,2559873,N/A,N/A,19.93000031,Guinea
Republic of Congo,1994,0,0,2632345,N/A,N/A,20,Guinea
Republic of Congo,1995,0,0,2707537,N/A,N/A,19.98999977,Guinea
Republic of Congo,1996,0,0,2785810,40.3,-1.22,19.98999977,Guinea
Republic of Congo,1997,10033,3.499135069,2867280,42.2,N/A,19.96999931,Guinea
Republic of Congo,1998,3272,1.108533642,2951647,33.8,-1.5,19.96999931,Guinea
Republic of Congo,1999,626,0.206027252,3038433,41.6,N/A,20.04999924,Guinea
Republic of Congo,2000,0,0,3127411,40.6,-0.92,20,Guinea
Republic of Congo,2001,0,0,3217933,44.3,N/A,19.95999908,Guinea
Republic of Congo,2002,167,0.050447274,3310387,45.3,-1.58,20.04000092,Guinea
Republic of Congo,2003,0,0,3406922,47.7,-1.17,20.03000069,Guinea
Republic of Congo,2004,0,0,3510468,45.9,-1.19,19.94000053,Guinea
Republic of Congo,2005,0,0,3622775,46.2,-1.17,19.79999924,Guinea
Republic of Congo,2006,0,0,3745141,43.8,-0.92,18.61000061,Guinea
Republic of Congo,2007,0,0,3876119,44.4,-0.77,17.48999977,Guinea
Republic of Congo,2008,0,0,4011486,45.3,-0.72,16.52000046,Guinea
Republic of Congo,2009,0,0,4145391,45.4,-0.25,16.10000038,Guinea
Republic of Congo,2010,0,0,4273731,43.2,-0.32,13.94999981,Guinea
Republic of Congo,2011,0,0,4394844,43.6,-0.35,11.89000034,Guinea
Republic of Congo,2012,0,0,4510198,43.8,-0.49,10,Guinea
Republic of Congo,2013,0,0,4622761,43.5,-0.48,10.01000023,Guinea
Republic of Congo,2014,0,0,4736974,43.7,-0.36,9.949999809,Guinea
Republic of Congo,2015,0,0,4856095,42.7,-0.53,9.899999619,Guinea
Republic of Congo,2016,51,0.01023891,4980999,42.8,-0.52,9.850000381,Guinea
Republic of Congo,2017,0,0,5110702,40,-0.53,9.75,Guinea
Republic of Congo,2018,0,0,5244363,38.9,-0.34,9.659999847,Guinea
Republic of Congo,2019,0,0,5380508,39.7,-0.89,9.600000381,Guinea
São Tomé and Príncipe,1991,0,0,121956,N/A,N/A,14.11999989,Guinea
São Tomé and Príncipe,1992,0,0,124576,N/A,N/A,14.21000004,Guinea
São Tomé and Príncipe,1993,0,0,127062,N/A,N/A,14.35000038,Guinea
São Tomé and Príncipe,1994,0,0,129427,N/A,N/A,14.39999962,Guinea
São Tomé and Príncipe,1995,0,0,131678,N/A,N/A,14.39000034,Guinea
São Tomé and Príncipe,1996,0,0,133806,N/A,1.05,14.39999962,Guinea
São Tomé and Príncipe,1997,0,0,135832,N/A,N/A,14.38000011,Guinea
São Tomé and Príncipe,1998,0,0,137848,N/A,1.08,14.38000011,Guinea
São Tomé and Príncipe,1999,0,0,139959,N/A,N/A,14.43999958,Guinea
São Tomé and Príncipe,2000,0,0,142262,N/A,1.15,14.39999962,Guinea
São Tomé and Príncipe,2001,0,0,144755,N/A,N/A,15.72999954,Guinea
São Tomé and Príncipe,2002,0,0,147447,N/A,0.55,17.62999916,Guinea
São Tomé and Príncipe,2003,0,0,150415,N/A,0.26,16.36000061,Guinea
São Tomé and Príncipe,2004,0,0,153737,N/A,0.57,16.12000084,Guinea
São Tomé and Príncipe,2005,0,0,157472,N/A,0.58,16.46999931,Guinea
São Tomé and Príncipe,2006,0,0,161681,N/A,0.35,16.64999962,Guinea
São Tomé and Príncipe,2007,0,0,166300,N/A,0.39,15.89000034,Guinea
São Tomé and Príncipe,2008,0,0,171120,N/A,0.18,15.26000023,Guinea
São Tomé and Príncipe,2009,0,0,175876,43.8,0.15,15.11999989,Guinea
São Tomé and Príncipe,2010,0,0,180371,48.8,0.12,14.64000034,Guinea
São Tomé and Príncipe,2011,0,0,184524,49.5,0.01,14.10000038,Guinea
São Tomé and Príncipe,2012,0,0,188404,50.2,0.01,13.59000015,Guinea
São Tomé and Príncipe,2013,0,0,192087,48,0.11,13.60000038,Guinea
São Tomé and Príncipe,2014,0,0,195727,48.8,0.18,13.52000046,Guinea
São Tomé and Príncipe,2015,0,0,199432,53.3,0.14,13.46000004,Guinea
São Tomé and Príncipe,2016,0,0,203227,56.7,0.22,13.39000034,Guinea
São Tomé and Príncipe,2017,0,0,207089,55.4,0.19,13.26000023,Guinea
São Tomé and Príncipe,2018,0,0,211028,53.6,0.53,13.14000034,Guinea
São Tomé and Príncipe,2019,0,0,215056,54,0.52,13.05000019,Guinea
Somalia,1991,8005,1.100490375,7274030,N/A,N/A,13.23999977,Aden
Somalia,1992,1154,0.158182215,7295384,N/A,N/A,13.32999992,Aden
Somalia,1993,25,0.003417231,7315865,N/A,N/A,13.48999977,Aden
Somalia,1994,237,0.032146063,7372598,N/A,N/A,13.53999996,Aden
Somalia,1995,104,0.013882146,7491637,N/A,N/A,13.52999973,Aden
Somalia,1996,256,0.033321679,7682686,N/A,-2.51,13.52999973,Aden
Somalia,1997,0,0,7936127,N/A,N/A,13.52000046,Aden
Somalia,1998,0,0,8235064,N/A,-2.14,13.52000046,Aden
Somalia,1999,0,0,8553601,N/A,N/A,13.57999992,Aden
Somalia,2000,0,0,8872254,N/A,-1.95,13.53999996,Aden
Somalia,2001,228,0.02481842,9186725,N/A,N/A,13.51000023,Aden
Somalia,2002,114,0.011998305,9501342,N/A,-2.38,13.56999969,Aden
Somalia,2003,0,0,9815412,N/A,-2.58,13.56999969,Aden
Somalia,2004,0,0,10130243,N/A,-2.88,13.48999977,Aden
Somalia,2005,0,0,10446863,N/A,-2.71,13.39000034,Aden
Somalia,2006,547,0.050817988,10763905,N/A,-2.75,13.18999958,Aden
Somalia,2007,1546,0.139529162,11080121,N/A,-3.22,13.02000046,Aden
Somalia,2008,1491,0.130821743,11397188,N/A,-3.28,12.93999958,Aden
Somalia,2009,1496,0.127670193,11717692,N/A,-3.31,13.31999969,Aden
Somalia,2010,2150,0.178513856,12043883,N/A,-3.13,13.39000034,Aden
Somalia,2011,1938,0.156589585,12376302,N/A,-3.08,13.38000011,Aden
Somalia,2012,2646,0.208092322,12715510,N/A,-2.86,13.39000034,Aden
Somalia,2013,940,0.071955079,13063706,N/A,-2.76,13.40999985,Aden
Somalia,2014,1153,0.085893655,13423576,N/A,-2.52,13.31999969,Aden
Somalia,2015,1202,0.087119119,13797201,N/A,-2.38,13.25,Aden
Somalia,2016,1925,0.135700868,14185613,N/A,-2.36,13.17000008,Aden
Somalia,2017,1918,0.131467843,14589119,N/A,-2.26,13.02000046,Aden
Somalia,2018,2208,0.147120026,15008154,N/A,-2.25,12.89000034,Aden
Somalia,2019,1945,0.125947806,15442905,N/A,-2.38,12.78999996,Aden
Togo,1991,0,0,3862992,N/A,N/A,4.260000229,Guinea
Togo,1992,0,0,3945905,N/A,N/A,4.320000172,Guinea
Togo,1993,0,0,4029053,N/A,N/A,4.429999828,Guinea
Togo,1994,0,0,4120616,N/A,N/A,4.460000038,Guinea
Togo,1995,0,0,4226291,N/A,N/A,4.460000038,Guinea
Togo,1996,0,0,4348805,N/A,-0.38,4.460000038,Guinea
Togo,1997,0,0,4485951,N/A,N/A,4.449999809,Guinea
Togo,1998,0,0,4632446,N/A,-0.61,4.449999809,Guinea
Togo,1999,0,0,4780448,48.2,N/A,4.489999771,Guinea
Togo,2000,0,0,4924402,46.4,-0.29,4.460000038,Guinea
Togo,2001,0,0,5062567,45.3,N/A,4.440000057,Guinea
Togo,2002,0,0,5197031,45.2,0.05,4.480000019,Guinea
Togo,2003,0,0,5330639,46.8,-0.19,4.480000019,Guinea
Togo,2004,0,0,5467766,47,-0.32,4.429999828,Guinea
Togo,2005,0,0,5611640,48.2,-1.45,4.360000134,Guinea
Togo,2006,0,0,5762880,47.3,-0.53,4.230000019,Guinea
Togo,2007,0,0,5920359,49.7,-0.34,3.599999905,Guinea
Togo,2008,0,0,6083420,48.9,-0.17,3.079999924,Guinea
Togo,2009,0,0,6250835,48.7,-0.17,2.799999952,Guinea
Togo,2010,0,0,6421679,47.1,-0.18,2.390000105,Guinea
Togo,2011,0,0,6595943,49.1,-0.16,1.980000019,Guinea
Togo,2012,0,0,6773807,48.3,-0.39,2.049999952,Guinea
Togo,2013,0,0,6954721,48.8,-0.35,2.119999886,Guinea
Togo,2014,0,0,7137997,49.9,-0.17,2.160000086,Guinea
Togo,2015,0,0,7323158,53,-0.23,2.200000048,Guinea
Togo,2016,0,0,7509952,53.6,-0.17,2.950000048,Guinea
Togo,2017,0,0,7698475,53.2,-0.88,3.74000001,Guinea
Togo,2018,0,0,7889094,47.8,-0.88,3.660000086,Guinea
Togo,2019,0,0,8082366,50.3,-0.81,3.599999905,Guinea
Yemen,1991,0,0,12302124,N/A,N/A,8.149999619,Aden
Yemen,1992,0,0,12954155,N/A,N/A,8.210000038,Aden
Yemen,1993,0,0,13634076,N/A,N/A,8.31000042,Aden
Yemen,1994,1489,0.104143258,14297613,N/A,N/A,8.340000153,Aden
Yemen,1995,0,0,14913315,49.8,N/A,8.909999847,Aden
Yemen,1996,0,0,15469274,49.6,-1.31,9.510000229,Aden
Yemen,1997,0,0,15975668,48.4,N/A,10.11999989,Aden
Yemen,1998,0,0,16450310,46.1,-1.19,10.75,Aden
Yemen,1999,0,0,16921149,43.3,N/A,11.46000004,Aden
Yemen,2000,0,0,17409072,44.5,-1.14,11.56999969,Aden
Yemen,2001,0,0,17918373,44.3,N/A,11.68999958,Aden
Yemen,2002,0,0,18443691,48.6,-1.31,11.89000034,Aden
Yemen,2003,0,0,18985000,50.3,-1.48,12.03999996,Aden
Yemen,2004,0,0,19540098,50.5,-1.55,12.11999989,Aden
Yemen,2005,0,0,20107409,53.8,-1.44,12.17000008,Aden
Yemen,2006,0,0,20687646,52.6,-1.35,12.13000011,Aden
Yemen,2007,0,0,21282515,54.1,-1.59,12.10000038,Aden
Yemen,2008,0,0,21892146,53.8,-2.01,12.17000008,Aden
Yemen,2009,94,0.004174724,22516460,56.9,-2.33,12.71000004,Aden
Yemen,2010,175,0.00755781,23154855,54.4,-2.42,12.93000031,Aden
Yemen,2011,1140,0.047883893,23807588,54.2,-2.43,13.07999992,Aden
Yemen,2012,2330,0.09520627,24473178,55.3,-2.43,13.23999977,Aden
Yemen,2013,582,0.023143813,25147109,55.9,-2.37,13.40999985,Aden
Yemen,2014,1660,0.064282571,25823485,55.5,-2.67,13.47000027,Aden
Yemen,2015,6794,0.256397783,26497889,53.7,-2.68,13.39999962,Aden
Yemen,2016,2966,0.109171712,27168210,N/A,-2.79,13.31000042,Aden
Yemen,2017,2686,0.096497836,27834821,N/A,-2.94,13.14999962,Aden
Yemen,2018,4515,0.158428351,28498687,N/A,-2.99,13.01000023,Aden
Yemen,2019,1663,0.05702642,29161922,N/A,-2.77,12.89999962,Aden
Oman,1991,0,0,1893768,N/A,N/A,3.190000057,Aden
Oman,1992,0,0,1983275,N/A,N/A,3.160000086,Aden
Oman,1993,0,0,2072104,N/A,N/A,3.119999886,Aden
Oman,1994,0,0,2148419,N/A,N/A,3.160000086,Aden
Oman,1995,0,0,2204277,70.2,N/A,3.210000038,Aden
Oman,1996,0,0,2236654,65.4,0.87,3.25999999,Aden
Oman,1997,0,0,2249762,64.5,N/A,3.329999924,Aden
Oman,1998,0,0,2251864,64.9,0.86,3.390000105,Aden
Oman,1999,0,0,2254904,64.9,N/A,3.420000076,Aden
Oman,2000,0,0,2267973,64.1,1.12,3.49000001,Aden
Oman,2001,0,0,2294962,67.7,N/A,3.549999952,Aden
Oman,2002,0,0,2334858,64,0.93,3.589999914,Aden
Oman,2003,0,0,2386166,64.6,1.06,3.630000114,Aden
Oman,2004,0,0,2445517,66.9,1.12,3.710000038,Aden
Oman,2005,0,0,2511251,66.5,0.95,3.799999952,Aden
Oman,2006,0,0,2580758,63.7,0.84,3.940000057,Aden
Oman,2007,0,0,2657158,65.8,0.94,4.079999924,Aden
Oman,2008,0,0,2750963,67.3,0.92,4.139999866,Aden
Oman,2009,0,0,2876186,67,0.83,3.839999914,Aden
Oman,2010,0,0,3041434,67.7,0.59,3.710000038,Aden
Oman,2011,0,0,3251108,69.8,0.43,3.640000105,Aden
Oman,2012,0,0,3498029,67.9,0.46,3.519999981,Aden
Oman,2013,0,0,3764805,68.1,0.46,3.420000076,Aden
Oman,2014,0,0,4027260,67.4,0.73,3.369999886,Aden
Oman,2015,0,0,4267348,66.7,0.78,3.319999933,Aden
Oman,2016,0,0,4479219,67.1,0.76,3.269999981,Aden
Oman,2017,0,0,4665935,62.1,0.75,2.49000001,Aden
Oman,2018,0,0,4829483,61,0.66,1.799999952,Aden
Oman,2019,0,0,4974986,61,0.59,1.840000033,Aden
Eritrea,1991,0,0,2266358,N/A,N/A,6.650000095,Aden
Eritrea,1992,0,0,2257596,N/A,N/A,6.71999979,Aden
Eritrea,1993,0,0,2238626,N/A,N/A,6.829999924,Aden
Eritrea,1994,0,0,2218430,N/A,N/A,6.869999886,Aden
Eritrea,1995,0,0,2204222,N/A,N/A,6.869999886,Aden
Eritrea,1996,0,0,2196464,N/A,-0.94,6.869999886,Aden
Eritrea,1997,31,0.014121855,2195179,N/A,N/A,6.860000134,Aden
Eritrea,1998,0,0,2206432,N/A,-0.97,6.860000134,Aden
Eritrea,1999,25,0.011173659,2237405,N/A,N/A,6.900000095,Aden
Eritrea,2000,0,0,2292416,N/A,-0.77,6.869999886,Aden
Eritrea,2001,0,0,2374722,N/A,N/A,6.849999905,Aden
Eritrea,2002,0,0,2481058,N/A,-0.27,6.889999866,Aden
Eritrea,2003,57,0.021914876,2600973,N/A,-0.72,6.889999866,Aden
Eritrea,2004,0,0,2719803,N/A,-0.64,6.840000153,Aden
Eritrea,2005,0,0,2826659,N/A,-0.8,6.760000229,Aden
Eritrea,2006,0,0,2918205,N/A,-0.9,6.619999886,Aden
Eritrea,2007,0,0,2996536,N/A,-1.05,6.5,Aden
Eritrea,2008,0,0,3062779,N/A,-0.71,6.440000057,Aden
Eritrea,2009,0,0,3119920,38.5,-0.68,6.71999979,Aden
Eritrea,2010,0,0,3170435,35.3,-0.88,6.760000229,Aden
Eritrea,2011,0,0,3213972,36.7,-0.77,6.760000229,Aden
Eritrea,2012,0,0,N/A,36.2,-0.7,6.769999981,Aden
Eritrea,2013,0,0,N/A,36.3,-0.77,6.78000021,Aden
Eritrea,2014,0,0,N/A,38.5,-0.81,6.710000038,Aden
Eritrea,2015,0,0,N/A,38.9,-0.88,6.659999847,Aden
Eritrea,2016,0,0,N/A,42.7,-0.66,6.599999905,Aden
Eritrea,2017,0,0,N/A,42.2,-0.73,6.5,Aden
Eritrea,2018,0,0,N/A,41.7,-0.6,6.409999847,Aden
Eritrea,2019,0,0,N/A,38.9,-0.72,6.340000153,Aden
Tanzania,1991,0,0,26056594,N/A,N/A,3.599999905,Aden
Tanzania,1992,0,0,26961197,N/A,N/A,3.579999924,Aden
Tanzania,1993,0,0,27887203,N/A,N/A,3.589999914,Aden
Tanzania,1994,0,0,28792639,N/A,N/A,3.529999971,Aden
Tanzania,1995,0,0,29649135,57.3,N/A,3.450000048,Aden
Tanzania,1996,0,0,30444526,57.5,-0.62,3.380000114,Aden
Tanzania,1997,0,0,31192857,59.3,N/A,3.289999962,Aden
Tanzania,1998,0,0,31924196,59.6,-0.41,3.220000029,Aden
Tanzania,1999,0,0,32682239,60,N/A,3.170000076,Aden
Tanzania,2000,0,0,33499180,56,-0.7,3.079999924,Aden
Tanzania,2001,0,0,34385856,54.9,N/A,2.99000001,Aden
Tanzania,2002,0,0,35334788,58.3,-0.25,3.109999895,Aden
Tanzania,2003,0,0,36337782,56.9,-0.85,3.210000038,Aden
Tanzania,2004,0,0,37379767,60.1,-0.67,3.269999981,Aden
Tanzania,2005,0,0,38450320,56.3,-0.58,3.309999943,Aden
Tanzania,2006,0,0,39548663,58.5,-0.36,3.299999952,Aden
Tanzania,2007,0,0,40681414,56.8,-0.39,2.920000076,Aden
Tanzania,2008,0,0,41853944,56.5,-0.23,2.609999895,Aden
Tanzania,2009,0,0,43073834,58.3,0.09,2.5,Aden
Tanzania,2010,0,0,44346525,58.3,0.01,2.980000019,Aden
Tanzania,2011,0,0,45673338,57,-0.02,3.470000029,Aden
Tanzania,2012,0,0,47052481,57,0.05,3.190000057,Aden
Tanzania,2013,0,0,48482266,57.9,-0.16,2.930000067,Aden
Tanzania,2014,0,0,49959822,57.8,-0.6,2.130000114,Aden
Tanzania,2015,0,0,51482633,57.5,-0.42,2.099999905,Aden
Tanzania,2016,0,0,53050790,58.5,-0.44,2.079999924,Aden
Tanzania,2017,0,0,54663906,58.6,-0.56,2.029999971,Aden
Tanzania,2018,0,0,56318348,59.9,-0.56,1.99000001,Aden
Tanzania,2019,0,0,58005463,60.2,-0.36,1.960000038,Aden
Kenya,1991,0,0,24521703,N/A,N/A,2.789999962,Aden
Kenya,1992,0,0,25326078,N/A,N/A,2.829999924,Aden
Kenya,1993,0,0,26136216,N/A,N/A,2.900000095,Aden
Kenya,1994,0,0,26950513,N/A,N/A,2.930000067,Aden
Kenya,1995,0,0,27768296,54.5,N/A,2.920000076,Aden
Kenya,1996,0,0,28589451,56.4,-0.65,2.930000067,Aden
Kenya,1997,0,0,29415659,60.1,N/A,2.920000076,Aden
Kenya,1998,0,0,30250488,58.4,-0.9,2.920000076,Aden
Kenya,1999,0,0,31098757,58.2,N/A,2.950000048,Aden
Kenya,2000,0,0,31964557,59.7,-1.07,2.930000067,Aden
Kenya,2001,0,0,32848564,57.6,N/A,2.910000086,Aden
Kenya,2002,0,0,33751739,58.2,-1.19,2.940000057,Aden
Kenya,2003,0,0,34678779,58.6,-1.26,2.940000057,Aden
Kenya,2004,0,0,35635271,57.7,-1.09,2.910000086,Aden
Kenya,2005,0,0,36624895,57.9,-1.25,2.859999895,Aden
Kenya,2006,0,0,37649033,59.7,-1.13,2.769999981,Aden
Kenya,2007,0,0,38705932,59.6,-1.3,2.690000057,Aden
Kenya,2008,0,0,39791981,59.3,-1.39,2.660000086,Aden
Kenya,2009,0,0,40901792,58.7,-1.43,2.829999924,Aden
Kenya,2010,0,0,42030676,57.5,-1.17,2.859999895,Aden
Kenya,2011,0,0,43178257,57.4,-1.24,2.859999895,Aden
Kenya,2012,0,0,44343410,57.5,-1.32,2.859999895,Aden
Kenya,2013,0,0,45519889,55.9,-1.17,2.869999886,Aden
Kenya,2014,0,0,46699981,57.1,-1.28,2.819999933,Aden
Kenya,2015,42,0.000877223,47878336,55.6,-1.24,2.799999952,Aden
Kenya,2016,49,0.000998946,49051686,57.5,-1.35,2.75999999,Aden
Kenya,2017,85,0.001692503,50221473,53.5,-1.13,2.690000057,Aden
Kenya,2018,69,0.001342595,51393010,54.7,-1.17,2.640000105,Aden
Kenya,2019,61,0.00116027,52573973,55.1,-1.12,2.599999905,Aden