year,iso3,hours,n_distinct_vessels
2012,GMB,58125.23444444443,3885
2012,RUS,4611632.559722223,9852
2012,KHM,72511.50722222222,2286
2012,MLT,321603.7183333334,5401
2012,MNE,6478.917222222221,132
2012,AZE,96071.935,316
2012,MOZ,454369.06833333336,1532
2012,CYP,220135.93333333338,3085
2012,LBN,92877.06805555556,1263
2012,GNQ,266098.8313888889,2352
2012,TUV,15941.567499999997,138
2012,SAU,1262851.1208333338,7033
2012,SLE,299249.7711111111,4208
2012,MRT,427276.03777777776,5267
2012,AGO,908939.5491666669,2353
2012,CMR,166798.135,735
2012,MCO,1315.470833333333,1260
2012,LVA,123579.0161111111,1696
2012,SGP,2521941.2338888906,13698
2012,IDN,10246172.883611105,16857
2012,KAZ,76569.14694444444,335
2012,MEX,2262818.6183333327,6272
2012,SUR,131378.76305555555,2479
2012,VCT,24966.748333333333,1052
2012,SLV,81240.78555555559,2471
2012,PAK,576552.2388888889,4779
2012,THA,781891.1858333334,4687
2012,MDV,145763.40416666662,2336
2012,BLZ,40148.28888888889,442
2012,TUR,1849757.066666667,6985
2012,TTO,434538.16388888884,3065
2012,PLW,113234.55000000002,2021
2012,PHL,2627998.351388889,10203
2012,YEM,1171494.081666667,5587
2012,GNB,170956.37666666665,4264
2012,GHA,678621.5402777777,3027
2012,GRC,2995855.338333334,10240
2012,BGR,141437.70027777777,2093
2012,EST,284044.6941666667,2912
2012,ESH,621405.3305555555,5767
2012,NAM,454043.83166666667,3559
2012,VUT,24680.87111111111,208
2012,TKM,93467.68888888888,343
2012,SWE,1568621.3041666665,5467
2012,BHS,575255.777777778,5041
2012,MAR,1069635.7997222224,10209
2012,TGO,386511.6783333334,2353
2012,GAB,283105.4266666667,1717
2012,CHN,35659838.138888896,29033
2012,MMR,293239.70611111115,1722
2012,TUN,465080.3527777777,8373
2012,LBR,352346.4419444444,4113
2012,DJI,148049.85944444442,3959
2012,SLB,169431.21083333332,744
2012,EGY,1730895.993055556,7775
2012,JOR,31080.413888888885,618
2012,FIN,520702.9283333334,3095
2012,HRV,103905.1636111111,1650
2012,ATG,38072.5186111111,1788
2012,FJI,74707.765,266
2012,ISR,266610.2208333333,1728
2012,NGA,1437890.6630555554,2600
2012,COG,300040.0025,1396
2012,IRN,1271803.9066666665,6137
2012,ITA,2366142.3102777777,9994
2012,ROU,166240.10555555555,2131
2012,GRD,35541.541666666664,2001
2012,DMA,18665.156666666666,1182
2012,BIH,9.13,1
2012,POL,689357.6725,2679
2012,KNA,14670.468055555557,591
2012,MHL,90464.9211111111,467
2012,SYR,40290.70333333334,689
2012,OMN,964448.4855555558,7347
2012,PAN,1497625.3005555558,4966
2012,QAT,215746.06750000003,2132
2012,UKR,905870.4391666669,3993
2012,IRQ,50214.017222222225,459
2012,IRL,258052.56972222222,3690
2012,BEN,178052.57305555555,2150
2012,DEU,3411175.100277778,8494
2012,LKA,1445608.6113888891,9028
2012,CUB,563144.3830555555,5518
2012,TZA,315392.0897222223,655
2012,MUS,623334.4311111111,5847
2012,GTM,137984.3666666667,2911
2012,KWT,76688.4025,1647
2012,NRU,12129.068888888887,132
2012,SYC,83149.49277777778,927
2012,COM,27188.688611111113,432
2012,TON,18722.788333333334,192
2012,ARG,1496612.0941666665,3115
2012,CIV,462450.8925,3070
2012,SVN,17968.38305555555,484
2012,"NA",211773.1986111111,6391
2012,PRK,91911.06361111111,1641
2012,VNM,1073440.5013888888,10656
2012,BEL,2563700.290277778,10109
2012,CPV,312932.2847222222,3487
2012,BRN,55352.08805555555,1804
2012,LBY,477204.6252777779,4953
2012,ALB,18479.036388888893,832
2012,GEO,57726.96916666667,420
2012,NIC,145922.6577777778,3681
2012,WSM,7121.894166666666,99
2012,DZA,1164544.1375,9149
2012,LTU,69547.74222222222,1050
2012,COD,150857.1552777778,1258
2012,SOM,107415.55999999998,494
2012,PSE,845.7477777777777,72
2012,FSM,528997.6088888888,3184
2012,LCA,28978.283611111106,1081
2012,BGD,197611.14083333328,1315
2012,MYS,2566195.625555555,14673
2012,BHR,68440.12333333334,1290
2012,GIN,274406.50777777773,4179
2013,GRC,3819518.5605555545,10439
2013,IRN,1811375.2238888892,6486
2013,CUB,641292.4344444444,5720
2013,ESH,621423.3527777777,5645
2013,TGO,397015.0019444445,2200
2013,NIC,154234.73444444445,3657
2013,TUR,7061515.621944445,7851
2013,SLV,83688.69750000001,2437
2013,UKR,2520489.6627777778,4766
2013,ROU,769803.4366666669,3738
2013,SVN,80143.31111111112,1293
2013,BHS,654530.9391666667,5169
2013,SAU,1617437.8188888892,7294
2013,SWE,2256995.58,5475
2013,AZE,321147.50416666677,338
2013,FIN,957311.3069444443,3167
2013,MOZ,517159.1116666667,1852
2013,MDV,132339.48944444445,2440
2013,SLB,207035.92111111112,824
2013,COD,138998.4813888889,1361
2013,PLW,115403.98972222222,2144
2013,PRK,193843.80277777778,2465
2013,GNB,171302.70888888894,4123
2013,COM,34497.27694444444,709
2013,DJI,157063.31861111114,4039
2013,WSM,6924.415,87
2013,VNM,2013226.509166667,11167
2013,POL,780675.6897222223,2854
2013,GRD,38416.00472222223,1961
2013,FSM,599518.9805555554,3401
2013,GAB,280094.7924999999,1774
2013,QAT,393419.9438888889,2453
2013,BEL,2943503.810833332,10346
2013,LCA,28622.950555555555,1123
2013,LKA,1476675.0494444445,9050
2013,DEU,5210726.544444445,8781
2013,LVA,436112.4477777779,2432
2013,MCO,1690.0247222222222,1369
2013,LBY,787152.7025,5259
2013,SUR,131912.43361111113,2343
2013,HRV,433925.21138888894,2946
2013,KAZ,200254.48555555558,340
2013,CHN,70739225.87166665,33147
2013,VUT,24217.381388888887,274
2013,EST,495517.55222222215,3053
2013,EGY,2441430.476111111,7943
2013,DZA,1503547.4158333335,9242
2013,CIV,496620.8436111112,2999
2013,PAN,1619266.0244444443,4821
2013,YEM,1263447.3347222223,5818
2013,MRT,387755.92750000005,5163
2013,MHL,101803.51222222224,456
2013,NRU,20522.530833333338,142
2013,ATG,34334.060000000005,1717
2013,TZA,245533.31527777773,720
2013,MNE,42439.10388888889,390
2013,PSE,833.8872222222221,202
2013,TON,19811.91916666667,167
2013,TTO,486954.826388889,2857
2013,KHM,74417.10250000001,2326
2013,GIN,273935.9436111111,4024
2013,GEO,238622.31166666665,928
2013,PAK,592835.6958333334,4650
2013,BHR,190696.36805555556,2069
2013,TUN,647851.2830555555,9173
2013,KNA,15274.23888888889,583
2013,TUV,8968.40888888889,124
2013,LBN,272521.9250000001,1715
2013,BGD,195806.96666666667,1369
2013,MUS,654838.0997222221,6040
2013,IDN,11537181.268888887,17507
2013,NAM,457649.65611111117,3502
2013,KWT,99918.28694444444,1829
2013,SLE,333300.76333333337,4053
2013,DMA,19931.345833333333,1186
2013,TKM,312014.77499999997,348
2013,IRQ,103836.50444444442,574
2013,CMR,266198.0008333333,786
2013,ISR,510371.7344444443,2339
2013,ITA,4149759.1333333333,10441
2013,GNQ,265484.1413888888,2364
2013,SYR,141545.34027777778,1042
2013,CYP,482412.04277777777,3691
2013,IRL,448869.1119444444,4292
2013,BGR,588272.3097222223,3795
2013,BRN,65299.89611111111,2080
2013,LBR,336458.34777777776,3963
2013,FJI,88600.33694444447,301
2013,PHL,3175751.433888889,10823
2013,THA,1156921.4816666662,4930
2013,MMR,308581.51777777774,1757
2013,MYS,3187548.68,15263
2013,ARG,1540710.520277778,3450
2013,CPV,304275.005,3409
2013,MLT,670553.5341666666,6599
2013,GMB,58814.34944444445,3970
2013,LTU,223644.24805555554,1744
2013,SOM,111477.15555555555,545
2013,COG,299836.2411111111,1449
2013,JOR,103170.4822222222,826
2013,MEX,2604980.9025000003,6439
2013,AGO,1007632.017777778,2379
2013,GTM,173177.1716666667,2907
2013,MAR,1158790.7658333334,10294
2013,OMN,1154123.4613888888,7761
2013,VCT,24891.91305555555,1050
2013,ALB,48109.13555555556,1426
2013,BEN,202441.77583333332,1970
2013,RUS,8851565.72111111,11693
2013,NGA,1383674.9594444446,2511
2013,SYC,121505.645,1441
2013,"NA",210737.2141666666,6397
2013,SGP,3849119.1319444436,14752
2013,BLZ,47267.08583333333,482
2013,GHA,687812.4111111112,2927
2014,DEU,5656620.417777777,8982
2014,GNB,168010.41583333333,4038
2014,TUV,16592.804722222223,157
2014,SYR,95374.57333333332,950
2014,BGR,609002.2016666667,3778
2014,SUR,133060.16833333333,2376
2014,HRV,438107.80777777784,2876
2014,CHN,75961030.57666668,34458
2014,WSM,6626.422777777779,78
2014,MOZ,567513.0625000001,2260
2014,CPV,298114.9105555556,3354
2014,GRD,40963.91805555555,1959
2014,COM,47244.16555555555,1154
2014,BLZ,45202.99666666667,503
2014,UKR,2558685.792222223,4953
2014,PRK,194022.36055555553,2813
2014,SWE,2270910.0149999997,5743
2014,BEL,3058975.5913888887,10648
2014,FSM,569234.0683333334,3291
2014,BHS,645023.0277777775,5558
2014,GRC,3733032.7922222214,10607
2014,DJI,157775.4388888889,4386
2014,ISR,439564.8733333333,2332
2014,OMN,1212939.1494444443,8178
2014,LTU,246080.7088888889,1906
2014,KHM,73624.85138888888,2410
2014,IDN,11453825.524166668,17817
2014,SLB,193938.6991666667,851
2014,VCT,26627.932777777783,1087
2014,POL,835131.8263888889,3050
2014,MCO,1117.8691666666666,1240
2014,MMR,312518.7205555556,1938
2014,PSE,871.4241666666666,137
2014,MNE,39830.156388888885,348
2014,KWT,183962.695,2267
2014,FJI,92154.0997222222,283
2014,YEM,1295266.808333333,6315
2014,ROU,787173.573888889,3738
2014,DZA,1720450.7002777776,9480
2014,ALB,91119.9177777778,1443
2014,SYC,168410.0833333333,1944
2014,BHR,177746.5422222222,2146
2014,NRU,25251.142777777775,163
2014,LCA,33103.831666666665,1100
2014,MHL,127091.35166666665,487
2014,GTM,204165.09333333335,3117
2014,JOR,116961.56277777777,853
2014,THA,1361856.6822222222,5237
2014,"NA",196442.70083333337,6158
2014,BGD,309699.48138888896,1547
2014,COD,148122.8738888889,1388
2014,MRT,417980.3602777778,5129
2014,IRL,439687.20527777786,4227
2014,KAZ,227311.6025,346
2014,TON,24956.60416666667,172
2014,MEX,2666926.331666667,6699
2014,SLE,329098.74333333335,3955
2014,ARG,1530331.5027777776,3123
2014,CMR,355507.9613888889,805
2014,EGY,2501067.3794444446,8288
2014,IRN,2301011.2725,6827
2014,PLW,131022.41194444444,2323
2014,AGO,993731.4294444442,2468
2014,MDV,157731.86694444442,2716
2014,TGO,540839.7980555556,2150
2014,IRQ,250517.85750000007,618
2014,CIV,477621.0780555556,2977
2014,RUS,9884833.861666664,12609
2014,TUN,724965.3633333333,9383
2014,LVA,477357.54027777776,2756
2014,NGA,1495923.0452777776,2602
2014,LKA,1579061.126111111,9556
2014,BRN,40522.29777777777,1843
2014,MAR,1297594.0611111117,10752
2014,PAN,1602553.3730555556,5096
2014,LBR,329036.4127777777,3875
2014,SVN,75064.43555555557,1263
2014,SAU,1768472.4997222223,7841
2014,DMA,20485.64861111111,1186
2014,TZA,230257.03,698
2014,CYP,471571.10694444465,3628
2014,TTO,482335.4394444446,2827
2014,SOM,109119.43916666666,652
2014,MUS,666287.4741666667,6228
2014,ESH,604488.728888889,5609
2014,MLT,694886.0169444444,6861
2014,GHA,701367.3405555557,2933
2014,GEO,256052.76361111112,875
2014,SLV,93086.89388888888,2624
2014,VUT,22108.472777777777,219
2014,TKM,339912.87083333335,344
2014,TUR,7004817.819722222,7926
2014,NIC,153437.58305555553,3876
2014,NAM,485273.75749999995,3643
2014,GNQ,244153.63027777782,2391
2014,MYS,3577714.5025000004,15764
2014,ATG,34759.95583333333,1679
2014,SGP,4196186.212222221,15183
2014,CUB,620639.6875,6048
2014,FIN,887540.0638888888,3400
2014,EST,537946.8933333333,3392
2014,LBY,594072.0980555555,5179
2014,GAB,261095.0702777778,1807
2014,BEN,216760.9488888889,1953
2014,AZE,311111.4677777778,354
2014,VNM,2017109.9263888886,11039
2014,QAT,456802.3722222224,2577
2014,KNA,15977.684444444445,621
2014,COG,277619.055,1462
2014,LBN,241607.2538888889,1789
2014,PAK,663665.7563888889,4817
2014,PHL,3378769.230277777,10774
2014,ITA,4111719.355,10700
2014,GIN,234028.17861111107,3907
2014,GMB,70703.9002777778,3969
2015,DEU,5910586.0355555555,8980
2015,LBN,255574.31777777785,1819
2015,PLW,126911.70250000003,2319
2015,FIN,856594.3205555559,3376
2015,JOR,140140.4463888889,894
2015,VCT,27842.98388888889,1147
2015,COM,69835.0025,1623
2015,KHM,42011.19777777779,1903
2015,VUT,20576.133333333335,216
2015,LBR,313428.1236111112,3786
2015,SYR,75170.53527777779,981
2015,SAU,1874984.9683333333,7968
2015,BRN,64815.39277777778,1496
2015,COD,107889.75166666666,1221
2015,KAZ,209309.3913888889,349
2015,OMN,1319892.1394444443,8359
2015,MRT,382639.1883333333,5226
2015,ATG,42381.195,1656
2015,MMR,287186.6694444445,2162
2015,TUR,7407039.539722222,8056
2015,SWE,2233325.796666667,5781
2015,BLZ,41517.39222222222,513
2015,KWT,599482.3886111113,2316
2015,TON,26635.491666666672,171
2015,SUR,142922.9763888889,2354
2015,DMA,20917.373888888884,1157
2015,CIV,496437.953888889,2820
2015,IRQ,180686.56722222225,630
2015,SYC,195402.4288888889,2380
2015,BGR,595509.9144444445,3676
2015,EGY,2273148.750277778,8366
2015,SGP,4238947.291944446,15868
2015,POL,811430.6283333335,3151
2015,"NA",93519.7972222222,4278
2015,BIH,4.2,2
2015,SLE,234820.74222222218,3970
2015,SOM,145107.37611111114,879
2015,CYP,500700.1875000002,3791
2015,NAM,457187.705,3646
2015,ESH,599728.3425,5714
2015,BHS,751037.6786111111,5698
2015,NGA,1370435.0083333333,2491
2015,IDN,11582744.773333333,18275
2015,BGD,343161.30166666664,1809
2015,SLV,97675.95833333331,2660
2015,KNA,17783.58388888889,588
2015,PAK,628702.7575,4879
2015,PRK,182284.965,2643
2015,DJI,249120.6411111112,4407
2015,ISR,492669.8552777778,2382
2015,FJI,89366.28305555556,270
2015,BEN,156825.17083333334,1791
2015,TUN,661763.3091666666,9582
2015,TGO,572168.5838888888,1974
2015,MUS,703845.9238888889,6630
2015,LKA,1599848.8658333335,9996
2015,GIN,244471.70444444445,3935
2015,ARG,1437999.9994444447,3291
2015,BHR,212408.94777777776,2160
2015,GRD,40707.5125,2058
2015,GRC,3907376.7880555554,10803
2015,PSE,818.5238888888888,159
2015,TTO,502255.33166666684,2899
2015,CUB,653302.7888888889,6348
2015,LTU,261722.62777777776,1984
2015,IRN,2077358.7672222229,7035
2015,CPV,322800.8975,3467
2015,FSM,564850.9522222223,3345
2015,NRU,22436.082500000004,169
2015,MAR,1334984.1338888889,10831
2015,NIC,159180.67638888888,3845
2015,MDV,222135.60666666666,3044
2015,MLT,692115.5844444445,6927
2015,UKR,2324900.9919444444,4747
2015,MYS,3944110.4725,16353
2015,GAB,234755.12138888883,1692
2015,BEL,2996700.8361111116,10669
2015,MCO,1109.582777777778,1197
2015,COG,256198.545,1321
2015,WSM,6770.020555555555,77
2015,GMB,61254.520277777774,4066
2015,GEO,195462.30472222224,844
2015,EST,516870.28305555554,3393
2015,PHL,3724444.7777777775,10801
2015,CHN,68958476.26194444,35056
2015,VNM,1724382.1997222223,9493
2015,PAN,1761401.7630555555,5205
2015,LVA,523262.84083333326,2734
2015,HRV,442575.4022222223,3012
2015,MNE,23798.171388888888,359
2015,MHL,135688.0527777778,512
2015,ITA,4185688.0169444433,10896
2015,TUV,39811.145833333336,174
2015,RUS,8550911.315000003,12404
2015,QAT,787655.2852777779,2742
2015,AGO,879059.5394444444,2294
2015,ALB,111053.27416666667,1507
2015,GHA,650278.9650000001,2823
2015,MEX,2666551.6644444442,6885
2015,ROU,740298.2080555557,3663
2015,THA,1756849.5847222225,5449
2015,GNB,164551.85944444445,4068
2015,TZA,215464.36194444448,795
2015,DZA,1695392.375,9612
2015,LCA,35102.428888888884,1195
2015,AZE,331707.22000000003,345
2015,YEM,1272082.6041666663,6626
2015,CMR,382427.96166666667,766
2015,MOZ,607579.747777778,2571
2015,GTM,225430.92555555562,3254
2015,SLB,208886.69138888892,843
2015,GNQ,236876.4038888889,2309
2015,IRL,450203.9458333334,4303
2015,LBY,445673.3225000001,4814
2015,SVN,80321.39555555556,1339
2015,TKM,380008.41638888896,359
2016,DJI,332749.8852777779,5313
2016,TKM,301001.58805555553,366
2016,JOR,127075.79361111115,897
2016,ATG,38224.73944444444,1797
2016,GEO,182332.39500000002,768
2016,NGA,1202622.1950000003,2118
2016,IRN,2366103.3688888885,7543
2016,TON,29996.138611111124,185
2016,KAZ,210559.17194444445,328
2016,DMA,19588.19527777778,1414
2016,EGY,2408712.3825000003,8634
2016,PLW,132154.0813888889,2409
2016,KHM,83821.91305555555,1894
2016,OMN,1552459.980555556,8931
2016,GIN,268003.67305555573,4032
2016,LCA,35272.96138888889,1324
2016,VNM,1310104.6755555558,9777
2016,NIC,158772.20861111113,3936
2016,CUB,762487.1144444444,6569
2016,MNE,15764.783333333333,299
2016,SLB,247576.23750000005,907
2016,TUN,692863.0372222225,9534
2016,MDV,308802.64527777774,3907
2016,TGO,521111.0880555556,1889
2016,MUS,800589.9447222223,7205
2016,PHL,4757163.933055556,11647
2016,TUR,7198708.3763888925,8209
2016,MOZ,535631.5236111113,2549
2016,GTM,240681.29416666666,3324
2016,GRD,41857.00833333334,2402
2016,BEN,132674.61638888894,1653
2016,SUR,131756.67500000002,2662
2016,ARG,1525249.9455555563,3547
2016,ESH,573002.5019444444,5850
2016,NRU,9736.515555555558,156
2016,NAM,458730.98444444453,3868
2016,LVA,523129.32388888905,2673
2016,CHN,86584046.59138894,37304
2016,YEM,1531211.1488888888,6786
2016,DEU,5788864.448611112,9048
2016,BHS,773123.4466666665,5829
2016,LBY,471628.5333333334,4944
2016,GRC,4176112.3552777786,10888
2016,SGP,4068792.1250000005,16284
2016,LKA,1691203.215277778,10340
2016,PAN,1582698.7880555554,5115
2016,SVN,88347.32361111112,1367
2016,BGD,728314.9858333333,2012
2016,MEX,2965024.2141666664,7110
2016,MRT,363829.29583333357,5395
2016,SLE,271378.8269444445,4084
2016,FJI,104424.57666666666,304
2016,TUV,33202.017777777786,181
2016,SYR,75871.98972222222,1016
2016,GMB,60372.46333333333,4231
2016,GNQ,214148.31833333336,2096
2016,PSE,593.6752777777778,195
2016,LBN,308662.8933333333,1797
2016,MCO,1026.0366666666669,1163
2016,QAT,664766.633888889,2810
2016,COD,57925.79083333333,1160
2016,"NA",147768.87666666665,5020
2016,RUS,8800815.410000002,12261
2016,EST,567203.0252777777,3492
2016,CYP,526610.2894444445,3894
2016,MHL,146913.17194444448,506
2016,ISR,598454.0025000002,2395
2016,MAR,1511661.3336111114,10859
2016,HRV,431451.1675,3093
2016,KWT,664234.6119444447,2412
2016,SOM,181177.99972222224,1020
2016,CPV,340444.20999999996,3599
2016,BHR,171780.78805555555,2235
2016,GHA,665312.5172222224,2584
2016,IRL,510216.52694444446,4647
2016,CMR,258300.7055555556,703
2016,ITA,4342184.385833334,10821
2016,BGR,521855.2016666668,3571
2016,SYC,188512.62,2351
2016,IDN,13050446.671666665,18899
2016,BEL,3130992.025555556,10772
2016,UKR,2335048.3405555557,4896
2016,THA,2261163.553611111,5894
2016,SWE,2274581.0227777786,5912
2016,CIV,458440.7683333335,2587
2016,COM,65833.34222222223,1659
2016,GAB,231299.38472222225,1434
2016,MMR,313526.4802777778,2315
2016,MLT,817568.4244444447,7106
2016,LBR,298103.09361111117,3876
2016,ROU,716076.5138888892,3595
2016,ALB,119770.35583333338,1370
2016,POL,846981.2683333335,3015
2016,FIN,869931.903888889,3499
2016,TTO,466957.0505555556,3196
2016,KNA,18485.863611111112,561
2016,COG,193139.22777777782,1163
2016,VCT,29375.809444444443,1261
2016,PRK,150828.22472222225,2584
2016,LTU,272749.44500000007,1891
2016,FSM,600363.2727777779,3600
2016,IRQ,206214.90750000003,578
2016,MYS,4472433.808055555,16844
2016,TZA,233146.1958333334,742
2016,AGO,683267.5480555559,2043
2016,AZE,409208.3930555556,340
2016,SLV,99974.50666666665,2735
2016,GNB,161252.13111111117,4181
2016,WSM,7686.255833333334,78
2016,VUT,24917.07694444445,209
2016,SAU,1870974.9583333333,8217
2016,DZA,1565976.4247222226,9617
2016,PAK,843929.9975,5627
2016,BRN,55715.80583333334,1758
2016,BLZ,43992.55138888889,567
2017,ISR,571499.6950000002,2398
2017,GIN,333638.1150000001,3981
2017,SVN,99234.52972222227,1385
2017,COD,104516.04611111112,1239
2017,GRD,39793.74388888889,2426
2017,IRQ,425665.0883333334,716
2017,NIC,175761.9038888889,4113
2017,JOR,110637.32027777778,899
2017,BGD,1223463.5,2138
2017,CUB,888120.1241666665,6893
2017,QAT,604679.2072222222,2782
2017,LCA,46760.45944444446,1396
2017,ESH,555136.1744444444,5730
2017,COM,73114.49666666667,1877
2017,DZA,1552044.501111111,10010
2017,YEM,1455373.0300000003,7099
2017,IDN,14677527.817602748,19238
2017,FSM,657617.4808333332,3781
2017,BEL,3130766.152777779,10864
2017,MLT,754120.6930555559,7501
2017,FJI,112947.04666666669,295
2017,BLZ,45086.51472222222,526
2017,CMR,283103.3316666667,722
2017,ARG,1430187.1897222223,3497
2017,GNB,152822.5916666667,4094
2017,LBN,311489.73027777794,1752
2017,SOM,207082.9197222222,1081
2017,EGY,2547257.381111111,8926
2017,ALB,116774.38388888894,1449
2017,SLB,292746.89861111116,937
2017,NAM,464702.0441666668,3761
2017,LVA,508218.00527777796,2733
2017,ROU,794630.4086111115,3665
2017,MEX,3207432.356111111,7305
2017,IRL,524830.6558333334,4861
2017,TUR,7832439.964166667,8372
2017,GNQ,220739.66472222228,2113
2017,AZE,369369.2919444444,316
2017,MHL,123828.57861111114,527
2017,BEN,147896.22722222225,1638
2017,PHL,5623738.986710968,12224
2017,PAN,1636472.722777778,5265
2017,LTU,278400.0627777778,1937
2017,THA,2546232.968676746,5918
2017,SWE,2312054.784444445,5887
2017,DEU,5936957.500833335,9193
2017,MOZ,583439.4177777779,2874
2017,EST,587560.763888889,3584
2017,SUR,136343.7869444445,2601
2017,HRV,437535.6744444446,3017
2017,TGO,465230.0266666668,1939
2017,"NA",185301.76333333337,5658
2017,PLW,130861.33361111113,2474
2017,SYR,74872.5325,1010
2017,IRN,2749402.0777777773,7648
2017,CIV,589370.7058333334,2676
2017,ITA,4448583.140277777,11240
2017,TON,30605.048611111117,177
2017,GMB,74627.40111111113,4144
2017,CHN,101781297.36225472,38990
2017,TUN,732147.9452777778,9932
2017,MUS,828319.8716666667,7377
2017,KHM,84587.85638888889,1792
2017,MCO,4325.8600000000015,1275
2017,COG,161334.64861111125,1215
2017,MAR,1512235.881388889,11172
2017,BHR,157366.74250000002,2233
2017,MMR,370362.34027777775,2280
2017,KWT,422372.8666666668,2361
2017,GRC,4261002.485,11343
2017,LBY,474449.80249999993,5429
2017,PSE,966.8755555555556,214
2017,PRK,124566.66833333333,2813
2017,SYC,215321.97722222225,2508
2017,BGR,550749.4283333336,3685
2017,TKM,271890.58138888894,322
2017,BHS,802365.9811111112,5896
2017,OMN,1683600.8725,9154
2017,TUV,41344.73861111113,171
2017,GAB,215263.07388888896,1470
2017,DJI,205481.81583333336,6129
2017,POL,805656.4391666669,2984
2017,TZA,213714.45833333334,833
2017,KAZ,179193.26611111112,314
2017,TTO,437533.7744444446,3107
2017,VUT,34315.436111111114,221
2017,MYS,4657969.439722222,17103
2017,VNM,1066579.4511111113,9671
2017,PAK,979286.1013888888,5841
2017,GTM,241702.70555555556,3350
2017,GHA,672993.0133333333,2708
2017,FIN,945266.4661111113,3526
2017,SLV,108803.9463888889,2806
2017,UKR,2523329.1202777782,4969
2017,LKA,1759379.1627777778,10722
2017,CYP,509070.57055555563,4018
2017,MNE,23558.604444444445,348
2017,RUS,10153477.283611111,12902
2017,SAU,1849834.2147222224,8545
2017,LBR,294274.6466666667,3846
2017,MRT,367926.2947222223,5308
2017,CPV,356995.78361111117,3734
2017,NGA,1270319.7344444448,2180
2017,VCT,32206.944166666664,1271
2017,NRU,8158.8391666666685,154
2017,AGO,723369.1233333334,2090
2017,ATG,42856.22666666667,1736
2017,GEO,148554.1394444445,672
2017,BRN,75091.41138888891,2070
2017,WSM,8495.718333333336,83
2017,SGP,3929880.490833335,16433
2017,SLE,287902.29388888896,4020
2017,DMA,21668.402222222227,1569
2017,KNA,23854.99583333334,574
2017,MDV,341915.46972222225,4518
2012,NA,328.14361111111117,9
2012,NA,19487903.593888894,23832
2013,NA,2439.456111111111,34
2013,NA,20536746.969999995,24986
2014,NA,20975129.11416667,25457
2014,NA,2529.2544444444443,27
2015,NA,21998039.524166666,26151
2015,NA,4882.868055555554,82
2016,NA,4863.892777777779,102
2016,NA,22397912.323055554,26490
2017,NA,5701.635,81
2017,NA,23088997.207222227,27424
2012,ARE,1492083.1180555557,5515
2012,ARE,91735.84305555555,4334
2013,ARE,126224.1013888889,5309
2013,ARE,3417776.746944444,6196
2014,ARE,3544553.0347222225,6551
2014,ARE,129558.78611111108,5560
2015,ARE,147268.46750000006,5769
2015,ARE,3792720.698055556,6841
2016,ARE,4559451.759166666,7309
2016,ARE,197058.08805555553,6505
2017,ARE,4067485.142500001,7324
2017,ARE,202744.47861111112,6514
2012,AUS,52420.62277777778,730
2012,AUS,26.81666666666667,1
2012,AUS,5422963.013611112,5398
2012,AUS,50263.06138888889,1161
2012,AUS,87346.29694444443,1879
2012,AUS,9434.648055555557,152
2013,AUS,47.22361111111111,2
2013,AUS,52742.88638888888,1137
2013,AUS,5706689.603333333,5583
2013,AUS,81801.26472222223,1722
2013,AUS,56269.41083333333,771
2013,AUS,6812.869444444444,149
2014,AUS,5697664.708333334,5795
2014,AUS,55663.10833333333,783
2014,AUS,3365.642777777778,144
2014,AUS,75272.07194444444,1624
2014,AUS,258.72249999999997,2
2014,AUS,54715.6625,1181
2014,AUS,60.808055555555555,1
2015,AUS,74260.08305555557,1655
2015,AUS,54760.45972222223,1213
2015,AUS,16.83,1
2015,AUS,5453893.590555557,5726
2015,AUS,3543.6488888888894,128
2015,AUS,53931.936666666676,778
2016,AUS,55818.531111111115,827
2016,AUS,57349.51166666666,1250
2016,AUS,5254016.71166667,5840
2016,AUS,73129.91083333334,1633
2016,AUS,2751.8902777777776,112
2017,AUS,2218.6216666666664,98
2017,AUS,62439.97944444444,1303
2017,AUS,59443.32833333335,819
2017,AUS,5762735.364166669,6072
2017,AUS,41.2,4
2017,AUS,78804.1852777778,1743
2012,BRA,6453031.559166666,6980
2012,BRA,39326.06166666666,1149
2013,BRA,7481249.229166667,6924
2013,BRA,39451.53055555557,1150
2014,BRA,37696.42222222222,1127
2014,BRA,6993732.735000001,7013
2015,BRA,39950.59055555555,1216
2015,BRA,6850724.522500001,7456
2016,BRA,6848243.5391666675,7798
2016,BRA,31490.4,966
2017,BRA,33008.62222222223,1096
2017,BRA,6928375.428611114,8028
2012,BRB,29.042222222222225,24
2012,BRB,71740.97277777777,1858
2013,BRB,71407.264166666675,1720
2013,BRB,71.44611111111112,33
2014,BRB,74569.51194444446,1696
2014,BRB,56.1175,41
2015,BRB,64.94055555555555,41
2015,BRB,77257.43027777778,1835
2016,BRB,35.94083333333332,68
2016,BRB,88302.48416666668,2162
2017,BRB,50.50138888888888,104
2017,BRB,88107.47583333334,2227
2012,CAN,2198291.0569444443,5145
2013,CAN,2381582.8566666665,4759
2014,CAN,2659388.3944444447,4900
2014,CAN,1.53,1
2015,CAN,2369279.275833334,4513
2015,CAN,5.943888888888889,2
2016,CAN,2367113.1863888893,4502
2016,CAN,7.149166666666667,3
2017,CAN,15.274166666666666,7
2017,CAN,2540206.0694444445,4635
2012,CHL,20857.662500000002,653
2012,CHL,13323.176388888893,185
2012,CHL,1402430.4388888888,2272
2013,CHL,13498.82583333333,180
2013,CHL,20753.113055555557,639
2013,CHL,1544861.006666667,2201
2014,CHL,12776.279722222223,161
2014,CHL,17207.850833333334,597
2014,CHL,1524228.906388889,2185
2015,CHL,16256.276111111112,150
2015,CHL,1568546.4033333333,2283
2015,CHL,16838.518055555556,603
2016,CHL,1592199.0633333337,2312
2016,CHL,17938.454722222225,604
2016,CHL,15217.854166666672,150
2017,CHL,14996.477777777784,171
2017,CHL,18056.954166666666,564
2017,CHL,1646664.4538888894,2313
2012,COL,1.1494444444444445,1
2012,COL,1257.631388888889,348
2012,COL,1044.1166666666668,246
2012,COL,268.85611111111115,48
2012,COL,62.19111111111112,11
2012,COL,1040453.3372222224,6220
2013,COL,1058.1069444444445,253
2013,COL,58.111944444444454,12
2013,COL,1241247.6275,6065
2013,COL,351.35361111111104,55
2013,COL,14.904444444444445,6
2013,COL,1179.8436111111112,376
2014,COL,1015.5188888888888,246
2014,COL,1173101.2944444446,6289
2014,COL,452.1380555555556,65
2014,COL,3.402222222222222,2
2014,COL,80.42694444444444,18
2014,COL,1358.4252777777776,391
2015,COL,1.6777777777777778,1
2015,COL,1148015.7486111112,6280
2015,COL,1027.9794444444447,249
2015,COL,467.0766666666667,66
2015,COL,1232.8977777777777,428
2015,COL,45.450833333333335,17
2016,COL,979.7502777777778,329
2016,COL,1400.1875,766
2016,COL,1164291.9052777777,6411
2016,COL,19.426111111111112,8
2016,COL,25.724722222222226,17
2016,COL,472.00333333333344,79
2017,COL,1070.1477777777777,391
2017,COL,1300.8430555555556,841
2017,COL,3.137777777777778,6
2017,COL,1142274.157222222,6484
2017,COL,426.2847222222222,116
2017,COL,58.46333333333334,23
2012,CRI,329912.98305555555,3910
2012,CRI,1351.433611111111,217
2013,CRI,330456.2488888889,3769
2013,CRI,1281.3747222222219,226
2014,CRI,351689.5675,4056
2014,CRI,1303.5777777777778,224
2015,CRI,1355.3608333333336,202
2015,CRI,375668.47361111117,4204
2016,CRI,374028.24416666664,4169
2016,CRI,1099.49,206
2017,CRI,1237.7116666666668,256
2017,CRI,414177.2944444444,4297
2012,DNK,70666.00861111112,575
2012,DNK,1453076.7974999999,5997
2012,DNK,51.503055555555555,20
2012,DNK,56435.68722222224,77
2013,DNK,2257269.6622222224,6302
2013,DNK,59164.86500000001,85
2013,DNK,104.34555555555556,26
2013,DNK,94023.58111111111,595
2014,DNK,100049.99722222223,620
2014,DNK,137.9438888888889,30
2014,DNK,55209.88388888889,90
2014,DNK,2258380.301388889,6511
2015,DNK,62585.599444444444,101
2015,DNK,99420.13555555558,728
2015,DNK,2272034.2919444446,6498
2015,DNK,158.73111111111112,47
2016,DNK,2415575.818333334,6675
2016,DNK,107782.8352777778,793
2016,DNK,67474.02444444444,77
2016,DNK,236.8141666666666,47
2017,DNK,135937.38833333334,899
2017,DNK,186.12055555555554,72
2017,DNK,2344400.2661111117,6677
2017,DNK,75160.73472222222,94
2012,DOM,17526.756944444445,1755
2012,DOM,413273.3027777778,4309
2013,DOM,17256.76222222222,1697
2013,DOM,438008.4402777777,4190
2014,DOM,16582.573333333334,1646
2014,DOM,450905.25027777784,4277
2015,DOM,452212.8811111111,4432
2015,DOM,15460.501666666667,1521
2016,DOM,512583.56611111114,4819
2016,DOM,16276.364166666668,1974
2017,DOM,14980.63,2065
2017,DOM,496708.49138888903,4684
2012,ECU,602044.3355555554,2121
2012,ECU,11185.375277777779,1607
2012,ECU,461055.02916666673,6706
2013,ECU,839176.2486111112,7829
2013,ECU,702919.1069444445,2078
2013,ECU,11752.796388888886,1681
2014,ECU,817592.1144444444,8195
2014,ECU,11370.429444444444,1697
2014,ECU,676157.5352777776,2146
2015,ECU,677473.5625000002,8058
2015,ECU,12561.07388888889,1612
2015,ECU,643845.7797222224,2190
2016,ECU,603480.6855555559,2134
2016,ECU,644654.7672222224,8222
2016,ECU,11824.563055555556,1826
2017,ECU,579250.4525,2122
2017,ECU,11475.276388888891,1874
2017,ECU,709004.8472222224,8675
2012,ERI,9543.575555555557,2733
2012,ERI,199596.35305555558,5084
2013,ERI,10041.064999999997,2792
2013,ERI,215058.09972222228,5219
2014,ERI,232732.34166666667,5662
2014,ERI,10763.104444444447,3151
2015,ERI,10191.124166666666,3401
2015,ERI,288595.2708333334,5997
2016,ERI,10525.404999999999,4617
2016,ERI,340727.0630555554,6278
2017,ERI,10539.406666666666,5564
2017,ERI,349955.4583333334,6637
2012,ESP,793210.765833333,6669
2012,ESP,6417.146388888888,180
2012,ESP,1.821388888888889,1
2012,ESP,32189.064444444448,1579
2012,ESP,3195632.770555556,12480
2013,ESP,4581670.988333332,12648
2013,ESP,35510.2811111111,1621
2013,ESP,15.05027777777778,2
2013,ESP,6151.175277777778,173
2013,ESP,107.71138888888889,1
2013,ESP,785259.3533333333,6523
2014,ESP,4320.233888888889,167
2014,ESP,759597.7672222222,6558
2014,ESP,4718744.237777777,13021
2014,ESP,33567.81194444445,1554
2015,ESP,4879872.070555556,13081
2015,ESP,30902.374166666672,1294
2015,ESP,775505.2305555556,6628
2015,ESP,9476.823055555556,212
2016,ESP,33091.97138888889,1343
2016,ESP,4951532.996388888,13054
2016,ESP,765947.6572222221,6758
2016,ESP,30424.827500000007,289
2017,ESP,5096514.062777778,13338
2017,ESP,34950.3775,1464
2017,ESP,773866.2677777779,6724
2017,ESP,16410.47000000001,265
2012,FRA,4412.747222222222,299
2012,FRA,83511.15166666667,2432
2012,FRA,46876.246111111126,1440
2012,FRA,233886.2861111111,5187
2012,FRA,8092.678888888889,314
2012,FRA,56951.92055555556,1542
2012,FRA,5417.575555555556,402
2012,FRA,6265.976111111109,92
2012,FRA,20335.995555555557,742
2012,FRA,67315.6811111111,490
2012,FRA,9613.629722222222,975
2012,FRA,16378.388055555555,729
2012,FRA,8979.209166666667,512
2012,FRA,39.354444444444454,2
2012,FRA,456.9616666666667,278
2012,FRA,6213.602777777777,219
2012,FRA,5097.099722222222,179
2012,FRA,596.2766666666668,107
2012,FRA,181.72055555555556,4
2012,FRA,1957738.1727777775,11566
2012,FRA,13525.620833333329,394
2012,FRA,181005.66138888887,826
2012,FRA,14738.703888888887,332
2013,FRA,60116.29027777776,1530
2013,FRA,18583.895,511
2013,FRA,11920.299722222222,1041
2013,FRA,244109.81944444447,5343
2013,FRA,80783.65083333333,2302
2013,FRA,3192957.0816666656,11884
2013,FRA,773.5425,676
2013,FRA,5711.135,243
2013,FRA,45.69833333333334,2
2013,FRA,4761.891111111111,362
2013,FRA,30232.038055555553,1143
2013,FRA,6325.0925,241
2013,FRA,6394.248055555557,91
2013,FRA,21418.770833333332,758
2013,FRA,55004.26555555557,1456
2013,FRA,12973.53916666667,698
2013,FRA,850.2119444444443,151
2013,FRA,183853.17972222224,889
2013,FRA,11717.81638888889,310
2013,FRA,65474.75194444445,469
2013,FRA,15851.644444444448,432
2013,FRA,5390.818055555556,165
2013,FRA,134.1177777777778,3
2014,FRA,21371.941388888896,643
2014,FRA,17717.873333333333,894
2014,FRA,56224.78361111112,451
2014,FRA,12144.188333333334,348
2014,FRA,4057.860833333333,278
2014,FRA,6539.058055555554,95
2014,FRA,34.23694444444445,2
2014,FRA,65.21972222222223,2
2014,FRA,5394.130277777778,180
2014,FRA,82727.08888888889,2352
2014,FRA,12785.968888888889,1069
2014,FRA,5162.369166666667,205
2014,FRA,5238.668333333333,390
2014,FRA,24780.35083333333,879
2014,FRA,933.6072222222225,154
2014,FRA,48748.92444444444,1425
2014,FRA,18452.960277777776,575
2014,FRA,58431.034722222226,1690
2014,FRA,703.7219444444445,587
2014,FRA,42097.31333333333,1579
2014,FRA,3248460.683333333,12036
2014,FRA,253644.45555555556,5605
2014,FRA,199785.1366666667,889
2015,FRA,10904.51527777778,991
2015,FRA,27538.97555555556,994
2015,FRA,27057.281388888892,869
2015,FRA,18.624722222222225,1
2015,FRA,4841.75861111111,201
2015,FRA,76643.9075,2312
2015,FRA,3493.1027777777776,269
2015,FRA,55067.64027777778,440
2015,FRA,16502.585555555554,354
2015,FRA,3265399.657777777,12129
2015,FRA,47401.21277777778,1468
2015,FRA,23947.88861111111,609
2015,FRA,52123.14638888889,1687
2015,FRA,5078.685,356
2015,FRA,5547.193611111111,95
2015,FRA,17378.617222222223,918
2015,FRA,269127.52361111116,5938
2015,FRA,53678.029166666674,2015
2015,FRA,750.3519444444445,536
2015,FRA,902.6105555555556,138
2015,FRA,4959.452222222223,184
2015,FRA,198689.3444444445,862
2016,FRA,646.7652777777778,505
2016,FRA,3698.015000000001,297
2016,FRA,10832.82861111111,1186
2016,FRA,11480.925833333336,335
2016,FRA,59196.85777777777,1804
2016,FRA,5095.468333333333,208
2016,FRA,58271.85194444445,431
2016,FRA,20950.441944444447,606
2016,FRA,25294.785000000003,931
2016,FRA,826.8447222222223,161
2016,FRA,14200.349722222221,821
2016,FRA,53.45833333333336,2
2016,FRA,60.99388888888888,2
2016,FRA,49623.92055555557,1713
2016,FRA,5272.412222222224,93
2016,FRA,4280.833333333334,331
2016,FRA,3329149.5997222234,12091
2016,FRA,80983.22249999999,2646
2016,FRA,4251.237222222223,162
2016,FRA,48145.35250000001,1978
2016,FRA,343644.5291666667,6765
2016,FRA,206170.4872222222,957
2016,FRA,32017.24138888889,1004
2017,FRA,4926.016388888889,378
2017,FRA,50124.443055555574,1828
2017,FRA,57619.68277777778,1851
2017,FRA,23935.926111111115,703
2017,FRA,9868.919166666668,332
2017,FRA,29236.792222222222,1059
2017,FRA,4392.913333333336,167
2017,FRA,5065.919722222223,83
2017,FRA,4016.210277777778,304
2017,FRA,647.5511111111111,523
2017,FRA,3437450.540555556,12062
2017,FRA,84.68333333333335,3
2017,FRA,5337.042222222224,227
2017,FRA,11440.505833333335,1305
2017,FRA,14208.338333333335,857
2017,FRA,84760.76777777777,2600
2017,FRA,54037.57805555556,428
2017,FRA,135.63861111111106,6
2017,FRA,225455.24555555556,986
2017,FRA,1196.2675000000004,229
2017,FRA,368781.31500000006,6987
2017,FRA,26622.17083333334,938
2017,FRA,51887.40222222223,2148
2012,GBR,18604.97111111111,567
2012,GBR,6315.860277777779,142
2012,GBR,304322.95916666667,8727
2012,GBR,1624.1802777777777,116
2012,GBR,59236.781111111115,1554
2012,GBR,177251.5975,3973
2012,GBR,45769.42666666667,2115
2012,GBR,3817961.388055555,10238
2012,GBR,44839.61555555555,2169
2012,GBR,137066.52138888888,2951
2012,GBR,47091.11,5167
2012,GBR,44526.513611111106,391
2012,GBR,28185.077500000007,770
2012,GBR,6610.608888888889,663
2012,GBR,31838.944166666668,1219
2012,GBR,126108.68583333334,1324
2012,GBR,1566.7591666666667,171
2012,GBR,2374.787777777778,17
2013,GBR,16946.85666666667,513
2013,GBR,141881.16416666668,9088
2013,GBR,9159.70388888889,746
2013,GBR,152894.64277777783,3129
2013,GBR,189820.60027777776,3981
2013,GBR,38610.15333333333,383
2013,GBR,2482.8113888888893,20
2013,GBR,326416.03444444446,9028
2013,GBR,8121.349722222221,149
2013,GBR,28524.648055555557,1184
2013,GBR,2049.5205555555553,238
2013,GBR,5420.591666666667,317
2013,GBR,28120.115833333337,745
2013,GBR,44287.715833333335,1971
2013,GBR,47771.56166666666,2101
2013,GBR,122574.91527777778,1223
2013,GBR,5414727.985555557,10292
2013,GBR,64866.97166666667,1704
2014,GBR,6551.792222222222,345
2014,GBR,26184.728888888887,682
2014,GBR,3214.8300000000004,25
2014,GBR,72474.41194444447,1789
2014,GBR,325320.82000000007,9447
2014,GBR,8783.302222222224,174
2014,GBR,37022.00166666666,1947
2014,GBR,49150.72611111111,394
2014,GBR,154542.22833333333,3277
2014,GBR,56678.71527777778,2143
2014,GBR,9217.311666666666,871
2014,GBR,185965.82833333334,4142
2014,GBR,139697.75250000003,9244
2014,GBR,5424559.445277778,10467
2014,GBR,15943.86388888889,439
2014,GBR,29690.992222222216,1237
2014,GBR,103304.08361111113,1202
2014,GBR,2221.7,279
2015,GBR,38017.37777777777,1449
2015,GBR,184690.16,4228
2015,GBR,162820.7144444445,3344
2015,GBR,7606.396111111111,156
2015,GBR,120504.25388888891,1599
2015,GBR,32310.727222222224,1889
2015,GBR,323697.3738888889,9671
2015,GBR,79937.27666666664,2020
2015,GBR,27333.861388888887,754
2015,GBR,54171.46833333333,2130
2015,GBR,2679.1049999999996,345
2015,GBR,140240.44444444447,9322
2015,GBR,8636.490833333335,904
2015,GBR,56493.532222222224,470
2015,GBR,5315.017222222223,304
2015,GBR,2340.120833333334,19
2015,GBR,5383535.394444446,10794
2015,GBR,16432.064166666667,459
2016,GBR,242698.5616666667,4376
2016,GBR,343925.0233333333,9735
2016,GBR,87796.79861111115,2075
2016,GBR,38131.98666666667,1480
2016,GBR,10318.275555555556,892
2016,GBR,140206.76277777774,9406
2016,GBR,24092.314444444444,704
2016,GBR,53662.18555555557,2274
2016,GBR,188742.31833333336,4365
2016,GBR,18003.191666666666,575
2016,GBR,165782.50000000003,3457
2016,GBR,32917.64750000001,2081
2016,GBR,8685.620277777778,158
2016,GBR,2603.826388888889,431
2016,GBR,3715.4394444444447,16
2016,GBR,7283.433888888889,282
2016,GBR,5578955.379166668,10603
2016,GBR,31889.048333333336,588
2017,GBR,140642.45805555553,9472
2017,GBR,301778.1697222222,5028
2017,GBR,195329.80916666664,4510
2017,GBR,179628.31555555554,3681
2017,GBR,9814.390555555556,915
2017,GBR,16473.25888888889,537
2017,GBR,32673.725555555557,1998
2017,GBR,7467.093333333338,146
2017,GBR,2937.6175,572
2017,GBR,47284.245277777794,600
2017,GBR,33732.01638888889,1414
2017,GBR,5485760.223333334,10632
2017,GBR,87417.10916666668,2137
2017,GBR,60885.89000000001,2214
2017,GBR,7137.731666666668,266
2017,GBR,357809.2691666667,9948
2017,GBR,1421.7558333333334,11
2017,GBR,23072.997222222224,722
2012,GUY,3033.7363888888885,954
2012,GUY,181338.06583333336,2405
2013,GUY,2869.0988888888887,904
2013,GUY,180944.01750000002,2246
2014,GUY,2911.8616666666658,911
2014,GUY,180112.25166666668,2292
2015,GUY,2919.6522222222216,952
2015,GUY,183061.83416666664,2287
2016,GUY,181718.1963888889,2577
2016,GUY,3077.008055555555,1467
2017,GUY,3073.4400000000005,1627
2017,GUY,195243.20944444445,2500
2012,HND,144171.04638888894,2281
2012,HND,355.9972222222222,19
2013,HND,188270.61027777783,2259
2013,HND,177.3225,25
2014,HND,193988.49888888886,2446
2014,HND,147.57694444444445,19
2015,HND,179685.9597222222,2403
2015,HND,145.47444444444443,22
2016,HND,251.79277777777784,39
2016,HND,191505.8041666667,2594
2017,HND,372.5730555555556,59
2017,HND,192400.75500000003,2850
2012,HTI,28786.449444444443,2052
2012,HTI,154441.06555555557,3612
2013,HTI,174136.99972222227,3640
2013,HTI,29860.040555555555,2180
2014,HTI,29771.733333333334,2264
2014,HTI,177345.28916666668,3749
2015,HTI,29076.333333333336,2342
2015,HTI,205273.36361111113,3942
2016,HTI,32588.203611111116,2826
2016,HTI,220233.0072222222,4478
2017,HTI,223814.73222222226,4609
2017,HTI,32180.210833333338,2910
2012,IND,4602831.032777778,10140
2012,IND,717024.1488888889,9379
2013,IND,732712.4427777778,9380
2013,IND,5127443.0444444455,10278
2014,IND,5496302.245833334,10762
2014,IND,715896.2597222222,9845
2015,IND,665881.9675,10192
2015,IND,6207007.283611112,11278
2016,IND,725787.4691666667,11726
2016,IND,6441116.274444442,11663
2017,IND,771994.2358333331,12375
2017,IND,7092978.734166666,12028
2012,ISL,116397.64305555559,341
2012,ISL,1342.263055555556,10
2013,ISL,188.58583333333328,10
2013,ISL,141405.76194444444,348
2014,ISL,134559.09499999997,356
2014,ISL,200.73499999999996,14
2015,ISL,136423.01499999998,353
2015,ISL,400.2891666666667,15
2016,ISL,258.8955555555555,8
2016,ISL,138384.30388888888,327
2017,ISL,314.6958333333333,17
2017,ISL,162947.97972222223,378
2012,JAM,395524.6166666667,4406
2012,JAM,16179.23111111111,1315
2013,JAM,487676.62388888875,4491
2013,JAM,16650.81722222222,1389
2014,JAM,470368.84972222225,4723
2014,JAM,17542.29388888889,1515
2015,JAM,479859.72861111106,4881
2015,JAM,18460.934722222224,1472
2016,JAM,476205.0283333333,5031
2016,JAM,18288.868333333332,1620
2017,JAM,514344.1227777779,5245
2017,JAM,20325.443055555552,1886
2012,JPN,44668.5575,2139
2012,JPN,15010840.289722221,14482
2012,JPN,208490.57416666666,3622
2013,JPN,215491.4208333333,3875
2013,JPN,22190318.26111111,15964
2013,JPN,72655.4136111111,2962
2014,JPN,22919617.320555553,16382
2014,JPN,72095.38083333333,3214
2014,JPN,208405.09277777775,4064
2015,JPN,23223498.185833335,16415
2015,JPN,188329.55527777778,4121
2015,JPN,68192.98527777777,3097
2016,JPN,81681.37027777775,3445
2016,JPN,187593.5952777778,3996
2016,JPN,24198782.981111117,17171
2017,JPN,89849.62694444445,3742
2017,JPN,217282.80861111113,4347
2017,JPN,25469548.28444445,17747
2012,KEN,1455.8752777777777,131
2012,KEN,232654.00277777782,612
2013,KEN,2940.244166666667,228
2013,KEN,210695.58388888888,643
2014,KEN,4334.042222222221,282
2014,KEN,216478.22555555557,662
2015,KEN,5604.65,310
2015,KEN,218587.68666666665,717
2016,KEN,4956.409722222222,275
2016,KEN,192423.51638888894,667
2017,KEN,319509.9719444445,752
2017,KEN,5625.88277777778,319
2012,KIR,47627.20166666667,466
2012,KIR,70984.89583333333,233
2012,KIR,7887.619722222222,138
2013,KIR,48724.93472222223,449
2013,KIR,5478.889999999999,121
2013,KIR,39305.79111111111,216
2014,KIR,43792.57361111111,433
2014,KIR,87781.18,259
2014,KIR,11791.209166666664,165
2015,KIR,53792.68388888889,240
2015,KIR,63264.82027777778,413
2015,KIR,9746.29527777778,157
2016,KIR,30452.343888888892,390
2016,KIR,9258.58888888889,160
2016,KIR,57718.83361111109,238
2017,KIR,8637.195833333335,147
2017,KIR,28810.55611111112,406
2017,KIR,64130.976944444454,243
2012,KOR,2298812.5847222223,10267
2012,KOR,73693.14805555556,3522
2013,KOR,132444.56749999998,5370
2013,KOR,6006250.282777778,13988
2014,KOR,129151.58555555558,5331
2014,KOR,7302374.940833331,14395
2015,KOR,109926.98222222221,4901
2015,KOR,7607745.260555555,14366
2016,KOR,7263639.968888891,15032
2016,KOR,129220.31333333331,5306
2017,KOR,184868.35722222226,6733
2017,KOR,7503297.234722223,16259
2012,MDG,562139.2708333334,5742
2012,MDG,5044.227222222222,347
2013,MDG,589961.7211111111,5880
2013,MDG,8676.640555555558,541
2014,MDG,9456.651388888891,656
2014,MDG,619064.9491666666,6182
2015,MDG,8052.556944444444,592
2015,MDG,633574.0527777777,6448
2016,MDG,7065.953333333335,557
2016,MDG,772320.0636111111,7153
2017,MDG,7820.283611111112,668
2017,MDG,813645.8805555557,7419
2012,NLD,12274.667777777775,254
2012,NLD,7862048.0825000005,10867
2012,NLD,6918.210833333332,634
2012,NLD,51828.23972222221,659
2012,NLD,39775.766944444455,2259
2012,NLD,123463.7561111111,3440
2012,NLD,171611.17055555558,3241
2013,NLD,7766.5488888888885,641
2013,NLD,209647.51055555558,3113
2013,NLD,18503.642222222228,241
2013,NLD,8767631.568611111,10922
2013,NLD,44988.47388888889,618
2013,NLD,167056.7088888889,3360
2013,NLD,48673.2411111111,2189
2014,NLD,207538.53444444446,3080
2014,NLD,7911.633611111111,684
2014,NLD,21161.176111111115,272
2014,NLD,9013318.780555557,11207
2014,NLD,196362.7602777778,3238
2014,NLD,54010.065,664
2014,NLD,47474.18777777778,2234
2015,NLD,48215.66388888889,2398
2015,NLD,48017.94611111112,633
2015,NLD,217678.46111111116,3116
2015,NLD,16014.128333333332,277
2015,NLD,9159927.774722222,11266
2015,NLD,7342.205277777778,626
2015,NLD,156853.26361111115,3237
2016,NLD,7411.935000000001,653
2016,NLD,159472.47388888893,3689
2016,NLD,49283.09555555558,607
2016,NLD,264080.92472222226,3559
2016,NLD,9657326.774444444,11406
2016,NLD,12614.813055555556,295
2016,NLD,47923.848333333335,2760
2017,NLD,9691655.279444449,11541
2017,NLD,17121.88,263
2017,NLD,37332.81805555556,603
2017,NLD,180254.74805555562,3612
2017,NLD,225180.09277777784,3513
2017,NLD,40777.87416666668,2734
2017,NLD,7948.452777777778,675
2012,NOR,2086422.0183333333,3389
2012,NOR,2405.969166666667,20
2012,NOR,87.56277777777778,2
2012,NOR,665.0441666666668,423
2012,NOR,38071.525,61
2013,NOR,613.8258333333333,10
2013,NOR,1134.9061111111112,589
2013,NOR,2856326.944999999,3923
2013,NOR,700.1694444444445,12
2013,NOR,41292.625,64
2014,NOR,37155.47694444445,53
2014,NOR,988.3855555555556,575
2014,NOR,877.0280555555555,21
2014,NOR,120.66416666666666,4
2014,NOR,2930375.240277778,3952
2015,NOR,35469.82722222223,79
2015,NOR,1072.7036111111113,641
2015,NOR,3010789.1661111107,3930
2015,NOR,1521.165277777778,25
2015,NOR,1425.52,27
2016,NOR,1089.3800000000003,19
2016,NOR,1012.6708333333331,596
2016,NOR,36473.357500000006,64
2016,NOR,400.6997222222222,9
2016,NOR,3065620.694999999,4109
2017,NOR,35309.156111111115,56
2017,NOR,1102.1997222222224,651
2017,NOR,1073.1002777777778,28
2017,NOR,22.048333333333332,2
2017,NOR,3285292.0533333337,4271
2012,NZL,27486.85111111111,305
2012,NZL,528120.5225000001,961
2012,NZL,6137.638333333334,134
2012,NZL,3623.453611111112,85
2013,NZL,2824.861666666666,77
2013,NZL,578446.143611111,996
2013,NZL,5587.082777777778,113
2013,NZL,28536.446666666663,269
2014,NZL,29654.409166666665,269
2014,NZL,591666.1986111111,1052
2014,NZL,6127.659166666667,117
2014,NZL,2869.4625,91
2015,NZL,2343.153611111111,74
2015,NZL,29228.724722222225,259
2015,NZL,593057.6847222224,1038
2015,NZL,5807.47638888889,112
2016,NZL,3217.7377777777783,97
2016,NZL,599727.0708333334,1074
2016,NZL,6532.249722222224,119
2016,NZL,29535.436944444442,287
2017,NZL,6512.448888888892,127
2017,NZL,28845.340000000007,263
2017,NZL,657526.0783333335,1098
2017,NZL,3230.674444444446,92
2012,PER,775604.2230555555,2071
2012,PER,8724.924166666666,1488
2013,PER,879322.1561111112,2068
2013,PER,9480.595277777775,1535
2014,PER,864576.0024999998,2042
2014,PER,9037.968333333332,1543
2015,PER,8909.991111111112,1455
2015,PER,878973.3352777779,2113
2016,PER,8556.544444444446,1763
2016,PER,849766.7097222225,2152
2017,PER,875346.0630555555,2122
2017,PER,8845.329166666666,1803
2012,PNG,1690889.9477777777,3885
2012,PNG,70.5011111111111,2
2013,PNG,173.89277777777778,2
2013,PNG,1771446.8622222224,4026
2014,PNG,133.5263888888889,3
2014,PNG,1812201.0011111114,4061
2015,PNG,1836092.6500000006,4164
2016,PNG,1942678.8511111115,4359
2016,PNG,47.728888888888896,3
2017,PNG,1988650.0627777781,4485
2017,PNG,587.5330555555555,3
2012,PRT,442110.78555555554,4732
2012,PRT,1754586.7872222222,10483
2012,PRT,360292.4283333333,6107
2013,PRT,351656.4294444445,6042
2013,PRT,428244.503888889,4552
2013,PRT,2024635.0302777775,10400
2014,PRT,349936.6608333333,6169
2014,PRT,2071601.015833333,10794
2014,PRT,469925.7594444445,4883
2015,PRT,466329.4738888889,5004
2015,PRT,2029711.597222222,10860
2015,PRT,340570.7452777778,6212
2016,PRT,2040783.1547222221,10960
2016,PRT,343038.2858333333,6317
2016,PRT,455206.94194444444,5006
2017,PRT,459894.88305555575,5145
2017,PRT,337773.7500000001,6333
2017,PRT,1994333.3283333334,11206
2012,SDN,70172.93,4336
2012,SDN,185470.1883333333,2780
2013,SDN,73029.7725,4626
2013,SDN,209025.2511111111,3398
2014,SDN,230765.5425,3889
2014,SDN,75757.60444444444,5103
2015,SDN,76132.62333333335,5172
2015,SDN,311577.4855555555,4677
2016,SDN,297114.46944444446,4749
2016,SDN,74664.47138888888,5436
2017,SDN,77646.44555555555,5912
2017,SDN,386898.7425,5433
2012,SEN,411178.5916666666,4382
2012,SEN,72670.2136111111,4192
2013,SEN,413504.9372222222,4261
2013,SEN,72083.43722222223,4102
2014,SEN,435388.1858333334,4233
2014,SEN,68332.595,4042
2015,SEN,67024.10027777776,4097
2015,SEN,422316.56944444444,4324
2016,SEN,405896.0283333335,4452
2016,SEN,65995.86388888888,4258
2017,SEN,448896.87472222233,4355
2017,SEN,65872.06027777778,4154
2012,STP,84802.73555555557,1683
2012,STP,49965.04,1542
2013,STP,95837.22805555555,1724
2013,STP,46022.695000000014,1481
2014,STP,79967.23249999998,1790
2014,STP,38833.94416666667,1572
2015,STP,38319.784166666665,1402
2015,STP,76031.14444444446,1638
2016,STP,81606.2133333333,1535
2016,STP,36675.66694444444,1306
2017,STP,33922.57472222223,1398
2017,STP,71902.73972222222,1600
2012,TLS,45225.032777777786,1057
2012,TLS,3660.8461111111114,388
2013,TLS,3369.557222222222,337
2013,TLS,46334.88444444443,1007
2014,TLS,3348.9313888888883,364
2014,TLS,38672.633611111116,1075
2015,TLS,3440.944166666667,358
2015,TLS,38611.26555555556,1087
2016,TLS,47894.279444444444,1236
2016,TLS,4638.105277777778,520
2017,TLS,46870.56194444445,1348
2017,TLS,7617.845277777777,757
2012,TWN,1421679.8733333333,11026
2012,TWN,90687.82666666666,4680
2013,TWN,2604683.499166666,13194
2013,TWN,186095.49472222218,7414
2014,TWN,2602439.0994444448,13293
2014,TWN,185483.68249999997,7296
2015,TWN,2766814.2677777773,13465
2015,TWN,149251.68611111108,6467
2016,TWN,147055.59833333333,6566
2016,TWN,3169383.2850000006,14083
2017,TWN,3215969.8741666665,14887
2017,TWN,163592.6052777778,7307
2012,URY,39236.69055555556,2474
2012,URY,703942.9055555556,3002
2013,URY,54409.04805555555,2761
2013,URY,839103.6536111112,3293
2014,URY,70773.32166666667,2744
2014,URY,974476.3486111112,3018
2015,URY,37450.40333333334,2906
2015,URY,820914.4630555556,3244
2016,URY,1081604.6472222225,3448
2016,URY,83999.83138888891,3023
2017,URY,798413.5869444448,3438
2017,URY,41664.14361111112,2980
2012,USA,16623.643333333337,147
2012,USA,6241.519722222222,193
2012,USA,14281.519722222223,492
2012,USA,54678.48861111111,777
2012,USA,169847.68416666664,3590
2012,USA,55760.87305555555,1914
2012,USA,120881.96138888889,1289
2012,USA,40.904722222222226,16
2012,USA,4239.094444444446,121
2012,USA,222919.05111111113,2092
2012,USA,940975.8802777779,2867
2012,USA,12925.067222222226,432
2012,USA,5321689.259444444,9338
2012,USA,3286.199444444444,477
2012,USA,5698.862777777779,247
2013,USA,23905.63333333334,718
2013,USA,183714.78888888887,3407
2013,USA,4256.2891666666665,127
2013,USA,82.48472222222225,30
2013,USA,164851.3247222222,1699
2013,USA,126149.94527777776,1310
2013,USA,6578.926666666665,265
2013,USA,7502973.286111113,9449
2013,USA,16236.58722222222,518
2013,USA,17115.460555555557,127
2013,USA,3576.7102777777786,716
2013,USA,6160.7911111111125,181
2013,USA,52689.462499999994,1770
2013,USA,986482.9808333333,3007
2013,USA,52954.95222222224,819
2014,USA,986827.3519444441,3084
2014,USA,27662.319444444445,852
2014,USA,5558.206944444446,151
2014,USA,158824.71083333337,1571
2014,USA,5800.666944444444,258
2014,USA,8149340.4072222235,9721
2014,USA,52927.538055555546,1409
2014,USA,4883.785833333333,170
2014,USA,21655.989166666666,126
2014,USA,148341.61694444442,1309
2014,USA,12862.712500000001,442
2014,USA,182599.6391666667,3387
2014,USA,77.84111111111109,38
2014,USA,62434.36027777777,790
2014,USA,5468.205555555556,990
2015,USA,27366.428611111107,857
2015,USA,5845.751111111112,167
2015,USA,896976.685277778,3014
2015,USA,177080.79416666672,3419
2015,USA,137865.045,1341
2015,USA,40407.819722222215,1236
2015,USA,7821596.235833334,9674
2015,USA,15090.195833333337,494
2015,USA,5072.7444444444445,981
2015,USA,60740.720555555556,832
2015,USA,5669.405000000001,247
2015,USA,143242.15111111116,1472
2015,USA,19909.578333333335,120
2015,USA,5600.14138888889,138
2015,USA,50.92805555555555,23
2016,USA,27164.694444444445,912
2016,USA,5456.4141666666665,1338
2016,USA,148717.98527777777,1328
2016,USA,4693.108055555556,125
2016,USA,12054.657777777777,432
2016,USA,72054.3913888889,870
2016,USA,57620.06361111112,1458
2016,USA,42.35722222222222,27
2016,USA,150523.67472222223,1606
2016,USA,17356.208611111106,127
2016,USA,7469032.5186111145,9950
2016,USA,901568.2397222224,2903
2016,USA,5920.024444444445,250
2016,USA,192721.18888888898,3755
2016,USA,4440.701944444445,138
2017,USA,14198.297500000008,498
2017,USA,6446.093055555559,232
2017,USA,139233.31583333336,1454
2017,USA,191512.2747222222,3646
2017,USA,4800.063611111113,155
2017,USA,17582.951111111113,127
2017,USA,4152.965833333335,125
2017,USA,70335.90277777777,886
2017,USA,8362576.4225,10275
2017,USA,85215.87694444443,1584
2017,USA,154120.68027777778,1337
2017,USA,920738.8466666669,3127
2017,USA,25261.296666666673,865
2017,USA,46.767222222222216,31
2017,USA,5062.817222222223,1369
2012,VEN,1577232.6586111113,4849
2012,VEN,910.678888888889,304
2013,VEN,1067.3244444444447,342
2013,VEN,1726080.1052777776,4514
2014,VEN,1732083.6624999999,4482
2014,VEN,860.3375000000001,276
2015,VEN,1558773.5147222222,4537
2015,VEN,866.9419444444444,361
2016,VEN,1129.1374999999998,645
2016,VEN,1399596.5063888887,4879
2017,VEN,1290701.9575,4798
2017,VEN,1164.112222222222,754
2012,ZAF,2500872.1450000005,7119
2012,ZAF,101.96055555555554,3
2013,ZAF,129.3925,6
2013,ZAF,2622872.3641666668,7182
2014,ZAF,2681212.4641666673,7388
2014,ZAF,59.49750000000001,2
2015,ZAF,2822558.423055555,7978
2015,ZAF,32.66055555555556,1
2016,ZAF,2933824.3308333335,8415
2016,ZAF,21.321944444444448,1
2017,ZAF,49.20305555555558,2
2017,ZAF,3195072.3150000004,8569
