year,iso3,hours
2012,GHA,678621.5402777776
2012,BLZ,40148.28888888889
2012,MUS,623334.431111111
2012,RUS,4611632.559722222
2012,KNA,14670.468055555559
2012,PLW,113234.55000000002
2012,MAR,1069635.7997222224
2012,WSM,7121.894166666667
2012,OMN,964448.4855555556
2012,SGP,2521941.2338888897
2012,ALB,18479.036388888886
2012,THA,781891.1858333333
2012,CHN,35659838.138888896
2012,DEU,3411175.100277778
2012,TON,18722.788333333334
2012,ITA,2366142.3102777773
2012,GRC,2995855.338333334
2012,COG,300040.0025
2012,SVN,17968.383055555554
2012,VNM,1073440.5013888888
2012,IDN,10246172.883611111
2012,BGR,141437.7002777778
2012,IRL,258052.5697222222
2012,POL,689357.6725
2012,GNQ,266098.8313888888
2012,TUR,1849757.066666667
2012,EST,284044.69416666665
2012,FIN,520702.9283333334
2012,AZE,96071.93500000001
2012,BHS,575255.777777778
2012,CMR,166798.13499999995
2012,FJI,74707.765
2012,SOM,107415.56
2012,CUB,563144.3830555556
2012,MMR,293239.7061111111
2012,UKR,905870.4391666668
2012,NIC,145922.65777777776
2012,LBN,92877.06805555556
2012,COD,150857.1552777778
2012,FSM,528997.6088888888
2012,SYC,83149.49277777778
2012,GMB,58125.234444444446
2012,MNE,6478.9172222222205
2012,BIH,9.13
2012,PRK,91911.06361111111
2012,GTM,137984.3666666667
2012,LBR,352346.44194444444
2012,LVA,123579.01611111111
2012,COM,27188.68861111111
2012,TKM,93467.68888888888
2012,MYS,2566195.625555555
2012,TGO,386511.6783333333
2012,BGD,197611.1408333333
2012,QAT,215746.0675
2012,SWE,1568621.3041666665
2012,EGY,1730895.9930555555
2012,BRN,55352.088055555556
2012,GEO,57726.96916666667
2012,MHL,90464.9211111111
2012,"NA",211773.1986111111
2012,KAZ,76569.14694444442
2012,DJI,148049.85944444445
2012,NGA,1437890.6630555557
2012,LTU,69547.74222222224
2012,ROU,166240.10555555558
2012,MEX,2262818.618333333
2012,MRT,427276.03777777776
2012,LBY,477204.62527777784
2012,MLT,321603.7183333333
2012,SYR,40290.703333333346
2012,BEN,178052.57305555555
2012,TUN,465080.35277777765
2012,BHR,68440.12333333334
2012,LKA,1445608.6113888891
2012,JOR,31080.41388888888
2012,SLE,299249.77111111116
2012,KHM,72511.50722222222
2012,TTO,434538.1638888889
2012,YEM,1171494.081666667
2012,GRD,35541.54166666666
2012,BEL,2563700.2902777777
2012,GAB,283105.4266666667
2012,TZA,315392.0897222222
2012,MDV,145763.40416666667
2012,CYP,220135.93333333335
2012,IRQ,50214.017222222225
2012,SLB,169431.21083333335
2012,ISR,266610.22083333327
2012,GIN,274406.50777777773
2012,LCA,28978.283611111106
2012,IRN,1271803.9066666667
2012,HRV,103905.16361111111
2012,VCT,24966.74833333333
2012,KWT,76688.40249999998
2012,AGO,908939.5491666666
2012,TUV,15941.5675
2012,DZA,1164544.1374999997
2012,ATG,38072.5186111111
2012,MCO,1315.4708333333333
2012,NAM,454043.8316666667
2012,ESH,621405.3305555554
2012,SUR,131378.76305555558
2012,SAU,1262851.1208333333
2012,PAK,576552.2388888889
2012,CIV,462450.8925000001
2012,PAN,1497625.3005555556
2012,DMA,18665.15666666667
2012,NRU,12129.06888888889
2012,PSE,845.7477777777777
2012,MOZ,454369.0683333333
2012,VUT,24680.871111111108
2012,GNB,170956.37666666665
2012,ARG,1496612.0941666665
2012,CPV,312932.28472222236
2012,SLV,81240.78555555556
2012,PHL,2627998.351388889
2013,DJI,157063.3186111111
2013,LBR,336458.34777777776
2013,THA,1156921.4816666665
2013,BGD,195806.9666666667
2013,OMN,1154123.4613888885
2013,CYP,482412.0427777777
2013,LBY,787152.7024999999
2013,COD,138998.4813888889
2013,SUR,131912.43361111113
2013,MEX,2604980.9025
2013,WSM,6924.415
2013,KWT,99918.28694444444
2013,JOR,103170.48222222224
2013,BGR,588272.3097222222
2013,GEO,238622.3116666667
2013,TKM,312014.7750000001
2013,KAZ,200254.48555555558
2013,VUT,24217.381388888887
2013,MDV,132339.48944444445
2013,NGA,1383674.9594444446
2013,POL,780675.6897222222
2013,AGO,1007632.0177777779
2013,AZE,321147.5041666667
2013,FJI,88600.33694444445
2013,TUR,7061515.621944445
2013,MRT,387755.9275
2013,MOZ,517159.1116666667
2013,GRC,3819518.560555554
2013,IRN,1811375.223888889
2013,GNB,171302.70888888885
2013,TUV,8968.408888888891
2013,SAU,1617437.8188888894
2013,IRQ,103836.50444444446
2013,"NA",210737.2141666666
2013,SYC,121505.64499999999
2013,SWE,2256995.58
2013,MHL,101803.51222222224
2013,SOM,111477.15555555557
2013,NRU,20522.53083333333
2013,MNE,42439.10388888888
2013,GHA,687812.4111111112
2013,DMA,19931.34583333333
2013,ARG,1540710.520277778
2013,PSE,833.8872222222221
2013,ISR,510371.73444444436
2013,GTM,173177.1716666667
2013,MUS,654838.0997222223
2013,GNQ,265484.1413888889
2013,SLV,83688.69750000001
2013,IDN,11537181.268888887
2013,RUS,8851565.721111111
2013,LBN,272521.92500000005
2013,LKA,1476675.0494444447
2013,VCT,24891.913055555557
2013,MYS,3187548.6800000006
2013,NAM,457649.65611111105
2013,LTU,223644.24805555554
2013,NIC,154234.73444444442
2013,MMR,308581.51777777774
2013,LCA,28622.95055555555
2013,DZA,1503547.4158333335
2013,PAN,1619266.0244444446
2013,GRD,38416.00472222222
2013,COG,299836.2411111111
2013,HRV,433925.21138888877
2013,TZA,245533.31527777776
2013,EGY,2441430.4761111108
2013,TUN,647851.2830555555
2013,ALB,48109.13555555555
2013,YEM,1263447.3347222223
2013,GIN,273935.9436111111
2013,FIN,957311.3069444444
2013,ROU,769803.4366666668
2013,SGP,3849119.1319444436
2013,BEL,2943503.8108333326
2013,CUB,641292.4344444446
2013,PLW,115403.9897222222
2013,MAR,1158790.7658333334
2013,PAK,592835.6958333334
2013,ITA,4149759.133333333
2013,KHM,74417.10250000001
2013,EST,495517.5522222222
2013,PHL,3175751.433888889
2013,TON,19811.91916666667
2013,LVA,436112.44777777785
2013,VNM,2013226.5091666668
2013,CPV,304275.00499999995
2013,TGO,397015.00194444455
2013,CMR,266198.0008333333
2013,DEU,5210726.544444442
2013,COM,34497.27694444445
2013,KNA,15274.238888888889
2013,BHS,654530.9391666665
2013,BLZ,47267.08583333333
2013,SYR,141545.34027777778
2013,QAT,393419.943888889
2013,CHN,70739225.87166667
2013,ATG,34334.060000000005
2013,PRK,193843.80277777783
2013,SVN,80143.31111111112
2013,BEN,202441.77583333335
2013,MCO,1690.0247222222222
2013,BRN,65299.896111111106
2013,FSM,599518.9805555556
2013,SLB,207035.92111111118
2013,SLE,333300.7633333334
2013,ESH,621423.3527777777
2013,MLT,670553.5341666668
2013,GMB,58814.349444444444
2013,BHR,190696.36805555556
2013,TTO,486954.82638888893
2013,UKR,2520489.662777778
2013,GAB,280094.7924999999
2013,IRL,448869.1119444443
2013,CIV,496620.8436111112
2014,ALB,91119.9177777778
2014,EGY,2501067.3794444436
2014,LVA,477357.5402777778
2014,TON,24956.60416666667
2014,SYR,95374.57333333333
2014,MNE,39830.156388888885
2014,SLB,193938.6991666667
2014,BEL,3058975.591388889
2014,LBR,329036.41277777776
2014,MUS,666287.4741666666
2014,SUR,133060.1683333333
2014,AGO,993731.429444444
2014,VCT,26627.932777777783
2014,TUV,16592.804722222223
2014,CMR,355507.9613888889
2014,SLV,93086.89388888888
2014,GMB,70703.9002777778
2014,PHL,3378769.2302777776
2014,NGA,1495923.0452777778
2014,DEU,5656620.417777776
2014,CUB,620639.6875
2014,COG,277619.055
2014,GNQ,244153.6302777778
2014,PLW,131022.41194444445
2014,BHS,645023.0277777779
2014,GHA,701367.3405555554
2014,DMA,20485.64861111111
2014,YEM,1295266.8083333329
2014,COM,47244.16555555557
2014,HRV,438107.8077777778
2014,TGO,540839.7980555556
2014,SLE,329098.7433333334
2014,GEO,256052.7636111111
2014,MEX,2666926.3316666665
2014,FIN,887540.0638888889
2014,GTM,204165.09333333338
2014,ARG,1530331.5027777778
2014,POL,835131.8263888889
2014,ITA,4111719.3549999995
2014,THA,1361856.682222222
2014,DJI,157775.4388888889
2014,TUR,7004817.819722222
2014,NIC,153437.58305555553
2014,KHM,73624.8513888889
2014,TTO,482335.43944444455
2014,LTU,246080.7088888889
2014,AZE,311111.4677777777
2014,MAR,1297594.0611111112
2014,LKA,1579061.1261111111
2014,NRU,25251.142777777775
2014,BRN,40522.29777777778
2014,SVN,75064.43555555557
2014,DZA,1720450.7002777772
2014,KWT,183962.695
2014,OMN,1212939.149444444
2014,IRQ,250517.8575
2014,MLT,694886.0169444444
2014,TKM,339912.8708333333
2014,BHR,177746.54222222223
2014,CHN,75961030.57666671
2014,SYC,168410.08333333334
2014,MOZ,567513.0625
2014,TUN,724965.3633333334
2014,ISR,439564.87333333347
2014,VNM,2017109.9263888886
2014,IRN,2301011.2725
2014,PAN,1602553.373055556
2014,CPV,298114.9105555556
2014,RUS,9884833.861666666
2014,LBY,594072.0980555555
2014,IRL,439687.2052777778
2014,JOR,116961.56277777778
2014,CIV,477621.0780555555
2014,GRC,3733032.7922222223
2014,BGR,609002.2016666667
2014,COD,148122.8738888889
2014,PRK,194022.36055555556
2014,MDV,157731.86694444442
2014,MRT,417980.3602777779
2014,BEN,216760.94888888884
2014,GRD,40963.91805555555
2014,WSM,6626.422777777778
2014,MYS,3577714.502500001
2014,UKR,2558685.792222223
2014,KNA,15977.684444444445
2014,CYP,471571.10694444453
2014,BGD,309699.4813888889
2014,FJI,92154.0997222222
2014,PAK,663665.7563888889
2014,MCO,1117.869166666667
2014,PSE,871.4241666666666
2014,VUT,22108.47277777778
2014,LBN,241607.2538888889
2014,ATG,34759.95583333333
2014,EST,537946.8933333332
2014,GAB,261095.0702777778
2014,ESH,604488.728888889
2014,NAM,485273.75749999995
2014,LCA,33103.83166666667
2014,MHL,127091.35166666667
2014,ROU,787173.573888889
2014,SWE,2270910.015
2014,GNB,168010.41583333336
2014,QAT,456802.37222222233
2014,GIN,234028.1786111111
2014,SGP,4196186.212222222
2014,FSM,569234.0683333335
2014,IDN,11453825.52416667
2014,MMR,312518.72055555554
2014,BLZ,45202.99666666666
2014,"NA",196442.70083333334
2014,SOM,109119.43916666668
2014,TZA,230257.03
2014,SAU,1768472.4997222223
2014,KAZ,227311.6025
2015,IRN,2077358.7672222226
2015,FSM,564850.9522222222
2015,SUR,142922.97638888887
2015,GTM,225430.92555555562
2015,LVA,523262.84083333326
2015,JOR,140140.44638888887
2015,EGY,2273148.750277778
2015,ISR,492669.8552777779
2015,QAT,787655.285277778
2015,WSM,6770.020555555554
2015,OMN,1319892.1394444448
2015,SGP,4238947.291944446
2015,MEX,2666551.6644444442
2015,IRL,450203.94583333336
2015,NRU,22436.082500000004
2015,MUS,703845.9238888889
2015,BLZ,41517.39222222222
2015,ESH,599728.3425000001
2015,TUV,39811.145833333336
2015,MOZ,607579.7477777777
2015,CYP,500700.1875000002
2015,KNA,17783.583888888887
2015,PAK,628702.7575000002
2015,NAM,457187.705
2015,MDV,222135.60666666666
2015,TZA,215464.36194444445
2015,NIC,159180.67638888894
2015,LBR,313428.1236111112
2015,BGD,343161.3016666667
2015,MMR,287186.6694444444
2015,SYR,75170.53527777776
2015,ALB,111053.27416666666
2015,GHA,650278.9650000002
2015,LBN,255574.31777777785
2015,DJI,249120.64111111115
2015,LCA,35102.428888888884
2015,SOM,145107.3761111111
2015,MHL,135688.05277777778
2015,BGR,595509.9144444445
2015,PRK,182284.96500000003
2015,SLB,208886.69138888892
2015,GNQ,236876.40388888886
2015,SWE,2233325.7966666673
2015,TTO,502255.3316666667
2015,COG,256198.54499999998
2015,UKR,2324900.9919444444
2015,ATG,42381.195
2015,FJI,89366.28305555557
2015,TGO,572168.5838888888
2015,FIN,856594.3205555559
2015,EST,516870.28305555554
2015,PLW,126911.70250000001
2015,VUT,20576.13333333334
2015,"NA",93519.79722222222
2015,HRV,442575.4022222223
2015,BIH,4.2
2015,SAU,1874984.9683333335
2015,KWT,599482.3886111112
2015,DEU,5910586.035555555
2015,SLV,97675.95833333333
2015,BHR,212408.94777777776
2015,LKA,1599848.8658333328
2015,BEN,156825.17083333337
2015,KAZ,209309.3913888889
2015,POL,811430.6283333336
2015,AGO,879059.5394444446
2015,TUN,661763.3091666665
2015,PAN,1761401.7630555553
2015,AZE,331707.22000000003
2015,MNE,23798.171388888884
2015,YEM,1272082.6041666665
2015,MLT,692115.5844444446
2015,KHM,42011.19777777778
2015,SYC,195402.4288888889
2015,MYS,3944110.4725
2015,GMB,61254.520277777774
2015,GAB,234755.12138888883
2015,NGA,1370435.0083333333
2015,TON,26635.491666666665
2015,MCO,1109.5827777777777
2015,GEO,195462.30472222224
2015,DMA,20917.37388888889
2015,IRQ,180686.56722222222
2015,RUS,8550911.315000001
2015,ARG,1437999.9994444444
2015,GNB,164551.85944444442
2015,IDN,11582744.773333333
2015,COM,69835.00250000002
2015,GRD,40707.512500000004
2015,MAR,1334984.1338888886
2015,SLE,234820.7422222222
2015,CMR,382427.96166666667
2015,CHN,68958476.26194446
2015,TUR,7407039.539722222
2015,CUB,653302.7888888889
2015,PHL,3724444.777777778
2015,BHS,751037.6786111111
2015,SVN,80321.39555555556
2015,ITA,4185688.016944444
2015,ROU,740298.2080555557
2015,BRN,64815.392777777786
2015,GIN,244471.70444444445
2015,BEL,2996700.836111111
2015,COD,107889.75166666668
2015,GRC,3907376.7880555554
2015,THA,1756849.5847222223
2015,VNM,1724382.1997222223
2015,LTU,261722.6277777778
2015,CPV,322800.89749999996
2015,VCT,27842.983888888888
2015,PSE,818.5238888888888
2015,LBY,445673.3225000001
2015,MRT,382639.18833333335
2015,DZA,1695392.375
2015,CIV,496437.95388888894
2015,TKM,380008.41638888896
2016,UKR,2335048.3405555557
2016,SYC,188512.61999999997
2016,BRN,55715.805833333354
2016,KHM,83821.91305555556
2016,JOR,127075.79361111115
2016,NRU,9736.515555555556
2016,OMN,1552459.9805555556
2016,GHA,665312.5172222224
2016,LTU,272749.445
2016,IRN,2366103.3688888885
2016,MRT,363829.2958333334
2016,HRV,431451.1675000001
2016,PSE,593.6752777777776
2016,BHR,171780.78805555557
2016,IRL,510216.5269444444
2016,PLW,132154.0813888889
2016,MCO,1026.0366666666666
2016,MLT,817568.4244444446
2016,"NA",147768.87666666665
2016,SVN,88347.32361111112
2016,SAU,1870974.958333333
2016,GRD,41857.008333333324
2016,COD,57925.790833333325
2016,IRQ,206214.9075
2016,MYS,4472433.808055555
2016,EST,567203.0252777778
2016,SWE,2274581.0227777776
2016,ALB,119770.35583333338
2016,CIV,458440.7683333334
2016,MNE,15764.783333333333
2016,CPV,340444.20999999996
2016,ISR,598454.0025000003
2016,CMR,258300.70555555559
2016,AGO,683267.5480555554
2016,VCT,29375.809444444443
2016,BEN,132674.6163888889
2016,AZE,409208.3930555556
2016,YEM,1531211.148888889
2016,MHL,146913.17194444448
2016,KNA,18485.863611111112
2016,ROU,716076.5138888891
2016,SGP,4068792.125000001
2016,COM,65833.34222222223
2016,KWT,664234.6119444447
2016,GEO,182332.39500000005
2016,PRK,150828.2247222222
2016,MMR,313526.4802777778
2016,DMA,19588.195277777777
2016,GNB,161252.1311111111
2016,FIN,869931.9038888891
2016,GNQ,214148.31833333336
2016,SLB,247576.2375
2016,VNM,1310104.6755555558
2016,CUB,762487.1144444444
2016,FSM,600363.272777778
2016,LBY,471628.53333333344
2016,GIN,268003.6730555557
2016,COG,193139.22777777782
2016,LBN,308662.8933333334
2016,SUR,131756.67500000002
2016,LCA,35272.96138888889
2016,SLV,99974.50666666668
2016,IDN,13050446.671666665
2016,EGY,2408712.3825000003
2016,TTO,466957.0505555556
2016,LBR,298103.0936111111
2016,NGA,1202622.1950000005
2016,ITA,4342184.385833333
2016,THA,2261163.5536111114
2016,ESH,573002.5019444445
2016,KAZ,210559.17194444448
2016,BGR,521855.2016666668
2016,GMB,60372.46333333333
2016,TON,29996.13861111112
2016,CHN,86584046.59138894
2016,TKM,301001.5880555556
2016,NIC,158772.2086111111
2016,MDV,308802.64527777774
2016,RUS,8800815.41
2016,MAR,1511661.3336111114
2016,BLZ,43992.551388888896
2016,ATG,38224.73944444444
2016,PAK,843929.9975
2016,MOZ,535631.5236111112
2016,LKA,1691203.2152777778
2016,PHL,4757163.933055556
2016,CYP,526610.2894444446
2016,VUT,24917.076944444445
2016,SOM,181177.99972222224
2016,ARG,1525249.9455555556
2016,DEU,5788864.448611111
2016,WSM,7686.255833333333
2016,MEX,2965024.2141666664
2016,SYR,75871.98972222224
2016,POL,846981.2683333335
2016,BEL,3130992.0255555552
2016,GRC,4176112.3552777786
2016,PAN,1582698.7880555554
2016,TUR,7198708.376388892
2016,DZA,1565976.4247222226
2016,FJI,104424.57666666669
2016,BGD,728314.9858333333
2016,TUV,33202.017777777786
2016,NAM,458730.9844444445
2016,GTM,240681.2941666667
2016,LVA,523129.32388888905
2016,TUN,692863.0372222223
2016,BHS,773123.4466666668
2016,MUS,800589.9447222223
2016,DJI,332749.88527777785
2016,QAT,664766.6338888891
2016,TZA,233146.19583333336
2016,TGO,521111.08805555553
2016,GAB,231299.38472222225
2016,SLE,271378.8269444445
2017,SVN,99234.52972222226
2017,MDV,341915.46972222225
2017,QAT,604679.2072222224
2017,MHL,123828.57861111115
2017,EGY,2547257.3811111106
2017,SOM,207082.91972222223
2017,BRN,75091.4113888889
2017,KWT,422372.86666666693
2017,LTU,278400.0627777778
2017,PHL,5623738.986710968
2017,MMR,370362.34027777775
2017,MLT,754120.6930555556
2017,SYR,74872.53250000002
2017,AZE,369369.2919444444
2017,TUR,7832439.964166666
2017,RUS,10153477.283611115
2017,COD,104516.0461111111
2017,PAK,979286.1013888889
2017,COM,73114.49666666667
2017,ALB,116774.38388888891
2017,IDN,14677527.817602746
2017,SYC,215321.97722222228
2017,GRC,4261002.485000001
2017,KNA,23854.99583333334
2017,GAB,215263.07388888887
2017,LBR,294274.64666666667
2017,SLE,287902.29388888896
2017,BHR,157366.74250000002
2017,GNB,152822.5916666667
2017,MEX,3207432.356111112
2017,SLV,108803.94638888893
2017,"NA",185301.7633333333
2017,GHA,672993.0133333332
2017,ESH,555136.1744444445
2017,NIC,175761.90388888892
2017,VNM,1066579.4511111113
2017,TKM,271890.58138888894
2017,MRT,367926.29472222226
2017,POL,805656.439166667
2017,GNQ,220739.66472222225
2017,YEM,1455373.0300000003
2017,TGO,465230.0266666668
2017,VCT,32206.944166666668
2017,NRU,8158.8391666666685
2017,GMB,74627.40111111115
2017,PAN,1636472.7227777783
2017,MAR,1512235.8813888887
2017,GEO,148554.1394444445
2017,CIV,589370.7058333334
2017,PSE,966.8755555555555
2017,BLZ,45086.514722222215
2017,BHS,802365.9811111111
2017,BEN,147896.22722222225
2017,AGO,723369.1233333334
2017,DEU,5936957.500833334
2017,COG,161334.64861111116
2017,LCA,46760.45944444445
2017,PRK,124566.66833333335
2017,NGA,1270319.7344444448
2017,THA,2546232.968676747
2017,BGR,550749.4283333335
2017,CPV,356995.78361111117
2017,WSM,8495.718333333334
2017,CUB,888120.1241666665
2017,SWE,2312054.7844444443
2017,JOR,110637.32027777779
2017,DZA,1552044.501111111
2017,GIN,333638.11500000017
2017,IRL,524830.6558333335
2017,CHN,101781297.36225471
2017,IRN,2749402.077777778
2017,TUN,732147.9452777778
2017,ROU,794630.4086111115
2017,ITA,4448583.140277777
2017,CMR,283103.3316666668
2017,FJI,112947.04666666669
2017,FIN,945266.4661111112
2017,TTO,437533.7744444446
2017,SLB,292746.8986111111
2017,TUV,41344.73861111112
2017,GTM,241702.70555555559
2017,MCO,4325.860000000001
2017,ISR,571499.6950000002
2017,VUT,34315.436111111114
2017,SGP,3929880.490833334
2017,LBY,474449.8025000001
2017,LVA,508218.0052777781
2017,SAU,1849834.214722222
2017,ARG,1430187.1897222227
2017,TZA,213714.45833333334
2017,BGD,1223463.5000000005
2017,GRD,39793.743888888894
2017,PLW,130861.33361111111
2017,CYP,509070.5705555557
2017,ATG,42856.22666666667
2017,IRQ,425665.08833333344
2017,BEL,3130766.1527777785
2017,MNE,23558.60444444445
2017,LKA,1759379.162777778
2017,LBN,311489.7302777779
2017,UKR,2523329.1202777782
2017,SUR,136343.78694444447
2017,OMN,1683600.8725
2017,EST,587560.763888889
2017,MUS,828319.8716666667
2017,DMA,21668.402222222223
2017,MOZ,583439.4177777778
2017,MYS,4657969.439722221
2017,HRV,437535.6744444447
2017,KHM,84587.8563888889
2017,DJI,205481.81583333336
2017,TON,30605.048611111113
2017,NAM,464702.0441666668
2017,KAZ,179193.26611111115
2017,FSM,657617.4808333335
2012,NA,328.14361111111117
2012,NA,19487903.593888894
2013,NA,20536746.969999995
2013,NA,2439.456111111111
2014,NA,20975129.11416667
2014,NA,2529.254444444445
2015,NA,4882.868055555556
2015,NA,21998039.524166666
2016,NA,22397912.323055554
2016,NA,4863.892777777778
2017,NA,5701.635
2017,NA,23088997.207222223
2012,ARE,1492083.1180555557
2012,ARE,91735.84305555557
2013,ARE,3417776.7469444447
2013,ARE,126224.10138888888
2014,ARE,3544553.0347222225
2014,ARE,129558.7861111111
2015,ARE,147268.4675
2015,ARE,3792720.698055555
2016,ARE,4559451.759166667
2016,ARE,197058.0880555556
2017,ARE,4067485.1425000005
2017,ARE,202744.47861111112
2012,AUS,50263.06138888889
2012,AUS,5422963.013611113
2012,AUS,9434.648055555555
2012,AUS,87346.29694444446
2012,AUS,52420.62277777778
2012,AUS,26.81666666666667
2013,AUS,6812.8694444444445
2013,AUS,5706689.6033333335
2013,AUS,47.22361111111111
2013,AUS,81801.26472222221
2013,AUS,52742.886388888895
2013,AUS,56269.41083333333
2014,AUS,75272.07194444444
2014,AUS,258.72249999999997
2014,AUS,55663.108333333344
2014,AUS,5697664.708333333
2014,AUS,60.808055555555555
2014,AUS,54715.662500000006
2014,AUS,3365.642777777778
2015,AUS,74260.08305555557
2015,AUS,5453893.590555556
2015,AUS,53931.936666666654
2015,AUS,3543.6488888888894
2015,AUS,54760.45972222222
2015,AUS,16.83
2016,AUS,5254016.71166667
2016,AUS,73129.91083333334
2016,AUS,57349.511666666665
2016,AUS,55818.53111111114
2016,AUS,2751.890277777778
2017,AUS,5762735.364166669
2017,AUS,78804.18527777778
2017,AUS,62439.97944444446
2017,AUS,41.2
2017,AUS,2218.621666666667
2017,AUS,59443.32833333336
2012,BRA,39326.06166666667
2012,BRA,6453031.559166666
2013,BRA,7481249.229166667
2013,BRA,39451.53055555555
2014,BRA,6993732.735000001
2014,BRA,37696.42222222222
2015,BRA,39950.59055555556
2015,BRA,6850724.5225
2016,BRA,31490.400000000005
2016,BRA,6848243.539166667
2017,BRA,6928375.428611113
2017,BRA,33008.62222222222
2012,BRB,29.04222222222222
2012,BRB,71740.97277777779
2013,BRB,71.44611111111111
2013,BRB,71407.264166666675
2014,BRB,74569.51194444444
2014,BRB,56.11750000000001
2015,BRB,64.94055555555556
2015,BRB,77257.43027777778
2016,BRB,88302.48416666669
2016,BRB,35.94083333333334
2017,BRB,88107.47583333334
2017,BRB,50.50138888888889
2012,CAN,2198291.056944445
2013,CAN,2381582.856666667
2014,CAN,1.53
2014,CAN,2659388.3944444438
2015,CAN,5.943888888888889
2015,CAN,2369279.275833334
2016,CAN,2367113.1863888893
2016,CAN,7.149166666666666
2017,CAN,2540206.0694444445
2017,CAN,15.274166666666666
2012,CHL,13323.176388888889
2012,CHL,20857.6625
2012,CHL,1402430.438888889
2013,CHL,13498.82583333333
2013,CHL,20753.113055555557
2013,CHL,1544861.0066666673
2014,CHL,12776.279722222223
2014,CHL,1524228.906388889
2014,CHL,17207.850833333334
2015,CHL,16838.518055555556
2015,CHL,1568546.4033333333
2015,CHL,16256.276111111112
2016,CHL,15217.854166666673
2016,CHL,17938.45472222222
2016,CHL,1592199.063333334
2017,CHL,1646664.4538888894
2017,CHL,18056.954166666666
2017,CHL,14996.477777777782
2012,COL,1.1494444444444445
2012,COL,1257.6313888888888
2012,COL,268.85611111111115
2012,COL,1040453.3372222221
2012,COL,1044.1166666666666
2012,COL,62.19111111111112
2013,COL,14.904444444444444
2013,COL,1179.8436111111112
2013,COL,351.35361111111115
2013,COL,1058.1069444444443
2013,COL,58.11194444444445
2013,COL,1241247.6275000002
2014,COL,1358.4252777777776
2014,COL,80.42694444444446
2014,COL,1173101.2944444444
2014,COL,452.13805555555564
2014,COL,1015.5188888888889
2014,COL,3.402222222222222
2015,COL,1232.8977777777775
2015,COL,467.0766666666667
2015,COL,1027.9794444444444
2015,COL,1148015.7486111112
2015,COL,1.6777777777777778
2015,COL,45.450833333333335
2016,COL,979.7502777777779
2016,COL,25.724722222222223
2016,COL,472.00333333333333
2016,COL,1400.1874999999995
2016,COL,1164291.905277778
2016,COL,19.42611111111111
2017,COL,1300.8430555555558
2017,COL,1070.1477777777777
2017,COL,426.2847222222222
2017,COL,3.1377777777777776
2017,COL,1142274.157222222
2017,COL,58.46333333333333
2012,CRI,329912.9830555556
2012,CRI,1351.4336111111108
2013,CRI,330456.248888889
2013,CRI,1281.3747222222223
2014,CRI,351689.56750000006
2014,CRI,1303.577777777778
2015,CRI,375668.47361111117
2015,CRI,1355.3608333333334
2016,CRI,1099.49
2016,CRI,374028.24416666676
2017,CRI,414177.2944444444
2017,CRI,1237.7116666666668
2012,DNK,51.50305555555555
2012,DNK,56435.68722222222
2012,DNK,1453076.7975
2012,DNK,70666.00861111113
2013,DNK,94023.58111111111
2013,DNK,104.34555555555555
2013,DNK,59164.865000000005
2013,DNK,2257269.6622222224
2014,DNK,2258380.3013888886
2014,DNK,137.94388888888886
2014,DNK,55209.883888888886
2014,DNK,100049.99722222223
2015,DNK,62585.599444444444
2015,DNK,2272034.2919444446
2015,DNK,158.73111111111112
2015,DNK,99420.13555555558
2016,DNK,107782.83527777778
2016,DNK,236.81416666666667
2016,DNK,2415575.818333334
2016,DNK,67474.02444444445
2017,DNK,75160.73472222225
2017,DNK,2344400.2661111117
2017,DNK,186.1205555555556
2017,DNK,135937.38833333334
2012,DOM,413273.30277777783
2012,DOM,17526.75694444444
2013,DOM,17256.76222222222
2013,DOM,438008.4402777778
2014,DOM,450905.2502777778
2014,DOM,16582.57333333333
2015,DOM,15460.501666666665
2015,DOM,452212.8811111111
2016,DOM,512583.5661111111
2016,DOM,16276.364166666666
2017,DOM,496708.49138888903
2017,DOM,14980.63
2012,ECU,461055.02916666673
2012,ECU,11185.375277777779
2012,ECU,602044.3355555555
2013,ECU,702919.1069444445
2013,ECU,839176.2486111112
2013,ECU,11752.796388888888
2014,ECU,676157.5352777777
2014,ECU,817592.1144444445
2014,ECU,11370.429444444444
2015,ECU,12561.073888888888
2015,ECU,643845.7797222222
2015,ECU,677473.5625000002
2016,ECU,11824.563055555556
2016,ECU,644654.7672222223
2016,ECU,603480.6855555555
2017,ECU,709004.8472222222
2017,ECU,579250.4525000002
2017,ECU,11475.276388888888
2012,ERI,9543.575555555557
2012,ERI,199596.35305555555
2013,ERI,10041.064999999999
2013,ERI,215058.0997222223
2014,ERI,232732.34166666667
2014,ERI,10763.104444444445
2015,ERI,10191.124166666668
2015,ERI,288595.2708333334
2016,ERI,10525.404999999997
2016,ERI,340727.06305555557
2017,ERI,10539.406666666664
2017,ERI,349955.45833333343
2012,ESP,1.821388888888889
2012,ESP,793210.7658333331
2012,ESP,3195632.770555556
2012,ESP,6417.146388888888
2012,ESP,32189.064444444448
2013,ESP,785259.3533333332
2013,ESP,35510.28111111111
2013,ESP,107.71138888888889
2013,ESP,6151.175277777777
2013,ESP,4581670.988333332
2013,ESP,15.05027777777778
2014,ESP,759597.7672222222
2014,ESP,33567.811944444446
2014,ESP,4320.233888888888
2014,ESP,4718744.237777777
2015,ESP,9476.823055555556
2015,ESP,775505.2305555556
2015,ESP,4879872.070555556
2015,ESP,30902.374166666672
2016,ESP,30424.827500000018
2016,ESP,765947.6572222222
2016,ESP,33091.97138888889
2016,ESP,4951532.99638889
2017,ESP,5096514.062777778
2017,ESP,16410.470000000005
2017,ESP,773866.267777778
2017,ESP,34950.3775
2012,FRA,5097.099722222222
2012,FRA,181005.6613888889
2012,FRA,16378.388055555553
2012,FRA,6213.602777777777
2012,FRA,6265.976111111111
2012,FRA,67315.6811111111
2012,FRA,181.72055555555556
2012,FRA,56951.92055555556
2012,FRA,4412.747222222223
2012,FRA,14738.703888888891
2012,FRA,9613.629722222224
2012,FRA,5417.575555555556
2012,FRA,83511.15166666667
2012,FRA,1957738.172777778
2012,FRA,596.2766666666666
2012,FRA,46876.246111111104
2012,FRA,233886.28611111114
2012,FRA,20335.995555555557
2012,FRA,13525.620833333332
2012,FRA,8092.678888888889
2012,FRA,39.354444444444454
2012,FRA,8979.209166666667
2012,FRA,456.9616666666666
2013,FRA,80783.65083333333
2013,FRA,45.69833333333334
2013,FRA,30232.038055555553
2013,FRA,773.5425
2013,FRA,5711.134999999998
2013,FRA,5390.8180555555555
2013,FRA,134.1177777777778
2013,FRA,15851.644444444448
2013,FRA,3192957.0816666665
2013,FRA,18583.895
2013,FRA,6394.248055555557
2013,FRA,11920.299722222222
2013,FRA,21418.770833333332
2013,FRA,65474.751944444455
2013,FRA,11717.81638888889
2013,FRA,12973.539166666666
2013,FRA,850.2119444444446
2013,FRA,183853.1797222222
2013,FRA,4761.891111111111
2013,FRA,55004.26555555557
2013,FRA,60116.29027777776
2013,FRA,6325.092500000001
2013,FRA,244109.8194444444
2014,FRA,5238.668333333333
2014,FRA,34.23694444444445
2014,FRA,18452.960277777784
2014,FRA,933.6072222222223
2014,FRA,3248460.6833333336
2014,FRA,703.7219444444444
2014,FRA,12785.968888888885
2014,FRA,5394.130277777777
2014,FRA,56224.78361111112
2014,FRA,48748.92444444444
2014,FRA,21371.941388888896
2014,FRA,4057.8608333333323
2014,FRA,12144.188333333334
2014,FRA,5162.369166666667
2014,FRA,58431.03472222221
2014,FRA,65.21972222222223
2014,FRA,199785.1366666667
2014,FRA,17717.87333333333
2014,FRA,6539.058055555555
2014,FRA,253644.4555555556
2014,FRA,82727.08888888889
2014,FRA,24780.350833333334
2014,FRA,42097.31333333333
2015,FRA,17378.617222222223
2015,FRA,5078.685
2015,FRA,55067.64027777777
2015,FRA,53678.02916666667
2015,FRA,10904.515277777778
2015,FRA,750.3519444444444
2015,FRA,4841.758611111111
2015,FRA,18.624722222222225
2015,FRA,27538.975555555557
2015,FRA,47401.212777777764
2015,FRA,198689.34444444446
2015,FRA,3493.102777777778
2015,FRA,76643.90750000002
2015,FRA,902.6105555555555
2015,FRA,5547.193611111111
2015,FRA,27057.28138888889
2015,FRA,4959.452222222221
2015,FRA,3265399.657777778
2015,FRA,16502.585555555557
2015,FRA,52123.14638888888
2015,FRA,23947.888611111106
2015,FRA,269127.52361111116
2016,FRA,4280.833333333334
2016,FRA,32017.241388888895
2016,FRA,4251.237222222222
2016,FRA,646.7652777777778
2016,FRA,826.8447222222222
2016,FRA,60.99388888888888
2016,FRA,11480.925833333335
2016,FRA,10832.828611111112
2016,FRA,3329149.5997222234
2016,FRA,25294.785
2016,FRA,59196.85777777778
2016,FRA,20950.441944444447
2016,FRA,343644.5291666667
2016,FRA,58271.851944444454
2016,FRA,53.45833333333336
2016,FRA,80983.22249999999
2016,FRA,49623.92055555557
2016,FRA,48145.35250000001
2016,FRA,14200.349722222223
2016,FRA,5095.468333333333
2016,FRA,5272.412222222225
2016,FRA,206170.4872222222
2016,FRA,3698.0150000000017
2017,FRA,5337.042222222222
2017,FRA,5065.919722222225
2017,FRA,57619.682777777765
2017,FRA,647.5511111111111
2017,FRA,1196.2675
2017,FRA,135.63861111111106
2017,FRA,51887.402222222234
2017,FRA,23935.92611111112
2017,FRA,50124.443055555574
2017,FRA,54037.57805555557
2017,FRA,26622.170833333337
2017,FRA,29236.792222222226
2017,FRA,368781.31500000006
2017,FRA,9868.919166666668
2017,FRA,4392.913333333336
2017,FRA,3437450.5405555554
2017,FRA,225455.2455555556
2017,FRA,14208.338333333337
2017,FRA,4926.016388888889
2017,FRA,84.68333333333335
2017,FRA,11440.505833333335
2017,FRA,84760.76777777779
2017,FRA,4016.2102777777786
2012,GBR,59236.78111111112
2012,GBR,1624.180277777778
2012,GBR,177251.5975
2012,GBR,2374.787777777778
2012,GBR,18604.97111111111
2012,GBR,44839.61555555557
2012,GBR,31838.94416666667
2012,GBR,3817961.3880555546
2012,GBR,28185.077500000007
2012,GBR,6610.608888888888
2012,GBR,304322.9591666666
2012,GBR,137066.52138888888
2012,GBR,45769.42666666666
2012,GBR,126108.68583333332
2012,GBR,6315.860277777779
2012,GBR,1566.7591666666667
2012,GBR,44526.51361111112
2012,GBR,47091.11
2013,GBR,28524.648055555557
2013,GBR,5414727.985555557
2013,GBR,38610.153333333335
2013,GBR,28120.115833333337
2013,GBR,189820.60027777776
2013,GBR,44287.71583333334
2013,GBR,16946.85666666667
2013,GBR,64866.97166666666
2013,GBR,326416.03444444446
2013,GBR,152894.64277777777
2013,GBR,2049.520555555556
2013,GBR,8121.349722222222
2013,GBR,141881.16416666668
2013,GBR,2482.8113888888893
2013,GBR,5420.591666666666
2013,GBR,122574.91527777778
2013,GBR,9159.703888888887
2013,GBR,47771.561666666676
2014,GBR,72474.41194444444
2014,GBR,26184.728888888898
2014,GBR,9217.311666666666
2014,GBR,8783.302222222223
2014,GBR,29690.99222222222
2014,GBR,3214.8299999999995
2014,GBR,139697.7525
2014,GBR,2221.7
2014,GBR,5424559.445277777
2014,GBR,103304.08361111113
2014,GBR,325320.82000000007
2014,GBR,154542.2283333333
2014,GBR,49150.726111111115
2014,GBR,6551.792222222223
2014,GBR,185965.82833333334
2014,GBR,37022.00166666666
2014,GBR,56678.71527777778
2014,GBR,15943.86388888889
2015,GBR,38017.37777777777
2015,GBR,120504.25388888888
2015,GBR,162820.71444444446
2015,GBR,16432.064166666663
2015,GBR,140240.44444444447
2015,GBR,56493.53222222222
2015,GBR,32310.72722222222
2015,GBR,8636.490833333333
2015,GBR,5383535.394444446
2015,GBR,54171.46833333332
2015,GBR,2340.1208333333334
2015,GBR,184690.15999999997
2015,GBR,79937.27666666666
2015,GBR,7606.396111111111
2015,GBR,27333.861388888887
2015,GBR,5315.017222222223
2015,GBR,2679.1049999999996
2015,GBR,323697.37388888886
2016,GBR,188742.31833333333
2016,GBR,7283.433888888889
2016,GBR,38131.986666666664
2016,GBR,32917.64750000001
2016,GBR,2603.8263888888887
2016,GBR,8685.62027777778
2016,GBR,343925.02333333326
2016,GBR,24092.31444444445
2016,GBR,165782.50000000003
2016,GBR,18003.19166666667
2016,GBR,31889.048333333343
2016,GBR,3715.439444444445
2016,GBR,140206.76277777774
2016,GBR,10318.275555555552
2016,GBR,5578955.379166668
2016,GBR,53662.18555555557
2016,GBR,87796.79861111115
2016,GBR,242698.56166666673
2017,GBR,357809.26916666667
2017,GBR,179628.31555555554
2017,GBR,5485760.2233333355
2017,GBR,87417.10916666668
2017,GBR,32673.725555555564
2017,GBR,195329.80916666664
2017,GBR,23072.997222222224
2017,GBR,301778.16972222226
2017,GBR,9814.390555555554
2017,GBR,7467.093333333336
2017,GBR,16473.258888888893
2017,GBR,47284.24527777779
2017,GBR,140642.45805555553
2017,GBR,60885.89000000002
2017,GBR,2937.6175
2017,GBR,1421.7558333333334
2017,GBR,7137.731666666668
2017,GBR,33732.01638888889
2012,GUY,181338.06583333333
2012,GUY,3033.736388888888
2013,GUY,180944.0175
2013,GUY,2869.0988888888883
2014,GUY,2911.861666666666
2014,GUY,180112.25166666668
2015,GUY,2919.652222222222
2015,GUY,183061.83416666664
2016,GUY,3077.008055555555
2016,GUY,181718.19638888887
2017,GUY,195243.20944444445
2017,GUY,3073.44
2012,HND,355.9972222222222
2012,HND,144171.04638888894
2013,HND,188270.6102777778
2013,HND,177.3225
2014,HND,193988.49888888892
2014,HND,147.57694444444445
2015,HND,145.47444444444446
2015,HND,179685.95972222224
2016,HND,251.79277777777776
2016,HND,191505.80416666667
2017,HND,192400.75500000003
2017,HND,372.57305555555564
2012,HTI,28786.44944444445
2012,HTI,154441.06555555557
2013,HTI,29860.040555555563
2013,HTI,174136.99972222222
2014,HTI,29771.73333333333
2014,HTI,177345.28916666668
2015,HTI,29076.333333333336
2015,HTI,205273.36361111113
2016,HTI,32588.203611111112
2016,HTI,220233.0072222222
2017,HTI,32180.210833333338
2017,HTI,223814.73222222226
2012,IND,4602831.032777777
2012,IND,717024.1488888889
2013,IND,5127443.044444444
2013,IND,732712.4427777778
2014,IND,715896.2597222222
2014,IND,5496302.245833332
2015,IND,6207007.283611112
2015,IND,665881.9675
2016,IND,6441116.274444442
2016,IND,725787.4691666666
2017,IND,771994.2358333333
2017,IND,7092978.734166666
2012,ISL,116397.64305555556
2012,ISL,1342.263055555556
2013,ISL,188.5858333333333
2013,ISL,141405.76194444447
2014,ISL,134559.095
2014,ISL,200.73499999999999
2015,ISL,136423.01499999998
2015,ISL,400.2891666666667
2016,ISL,138384.30388888888
2016,ISL,258.8955555555555
2017,ISL,162947.97972222228
2017,ISL,314.69583333333327
2012,JAM,16179.23111111111
2012,JAM,395524.61666666664
2013,JAM,16650.817222222224
2013,JAM,487676.62388888875
2014,JAM,17542.29388888889
2014,JAM,470368.8497222222
2015,JAM,479859.7286111111
2015,JAM,18460.93472222222
2016,JAM,476205.0283333334
2016,JAM,18288.868333333332
2017,JAM,20325.44305555556
2017,JAM,514344.12277777784
2012,JPN,208490.57416666666
2012,JPN,44668.557499999995
2012,JPN,15010840.289722223
2013,JPN,22190318.26111111
2013,JPN,72655.41361111113
2013,JPN,215491.4208333334
2014,JPN,208405.09277777773
2014,JPN,72095.38083333333
2014,JPN,22919617.320555553
2015,JPN,188329.55527777775
2015,JPN,68192.98527777779
2015,JPN,23223498.185833335
2016,JPN,187593.59527777781
2016,JPN,24198782.981111117
2016,JPN,81681.37027777778
2017,JPN,217282.80861111113
2017,JPN,89849.62694444443
2017,JPN,25469548.28444445
2012,KEN,1455.8752777777777
2012,KEN,232654.0027777778
2013,KEN,210695.58388888888
2013,KEN,2940.2441666666664
2014,KEN,4334.042222222221
2014,KEN,216478.22555555557
2015,KEN,218587.68666666665
2015,KEN,5604.6500000000005
2016,KEN,4956.409722222223
2016,KEN,192423.51638888897
2017,KEN,5625.882777777779
2017,KEN,319509.9719444446
2012,KIR,7887.619722222223
2012,KIR,70984.89583333333
2012,KIR,47627.20166666666
2013,KIR,5478.89
2013,KIR,48724.93472222222
2013,KIR,39305.79111111111
2014,KIR,43792.573611111126
2014,KIR,11791.209166666666
2014,KIR,87781.17999999998
2015,KIR,53792.683888888896
2015,KIR,9746.295277777775
2015,KIR,63264.820277777784
2016,KIR,57718.83361111109
2016,KIR,30452.343888888896
2016,KIR,9258.58888888889
2017,KIR,64130.97694444446
2017,KIR,28810.556111111124
2017,KIR,8637.195833333335
2012,KOR,73693.14805555556
2012,KOR,2298812.5847222223
2013,KOR,132444.5675
2013,KOR,6006250.282777777
2014,KOR,129151.58555555556
2014,KOR,7302374.940833334
2015,KOR,7607745.260555555
2015,KOR,109926.98222222221
2016,KOR,129220.31333333334
2016,KOR,7263639.96888889
2017,KOR,184868.35722222226
2017,KOR,7503297.234722223
2012,MDG,5044.227222222224
2012,MDG,562139.2708333334
2013,MDG,589961.721111111
2013,MDG,8676.640555555552
2014,MDG,619064.9491666666
2014,MDG,9456.65138888889
2015,MDG,633574.0527777777
2015,MDG,8052.5569444444445
2016,MDG,7065.953333333336
2016,MDG,772320.0636111114
2017,MDG,813645.8805555556
2017,MDG,7820.283611111111
2012,NLD,6918.210833333333
2012,NLD,51828.23972222221
2012,NLD,7862048.0825000005
2012,NLD,12274.667777777775
2012,NLD,171611.17055555558
2012,NLD,39775.76694444445
2012,NLD,123463.75611111108
2013,NLD,209647.51055555558
2013,NLD,167056.70888888885
2013,NLD,48673.2411111111
2013,NLD,44988.47388888889
2013,NLD,18503.64222222222
2013,NLD,7766.548888888889
2013,NLD,8767631.568611113
2014,NLD,54010.065
2014,NLD,47474.18777777777
2014,NLD,207538.53444444446
2014,NLD,196362.7602777778
2014,NLD,9013318.780555554
2014,NLD,7911.633611111112
2014,NLD,21161.17611111111
2015,NLD,48017.946111111116
2015,NLD,9159927.774722222
2015,NLD,7342.205277777778
2015,NLD,156853.26361111115
2015,NLD,217678.46111111113
2015,NLD,16014.128333333336
2015,NLD,48215.663888888885
2016,NLD,12614.813055555556
2016,NLD,49283.09555555559
2016,NLD,9657326.774444448
2016,NLD,159472.47388888893
2016,NLD,7411.9349999999995
2016,NLD,47923.84833333333
2016,NLD,264080.9247222223
2017,NLD,40777.874166666676
2017,NLD,225180.09277777778
2017,NLD,9691655.279444447
2017,NLD,37332.81805555557
2017,NLD,180254.74805555562
2017,NLD,17121.88
2017,NLD,7948.452777777778
2012,NOR,2405.9691666666668
2012,NOR,38071.524999999994
2012,NOR,2086422.0183333333
2012,NOR,87.56277777777778
2012,NOR,665.0441666666667
2013,NOR,2856326.9449999994
2013,NOR,41292.625
2013,NOR,1134.906111111111
2013,NOR,700.1694444444444
2013,NOR,613.8258333333332
2014,NOR,120.66416666666666
2014,NOR,877.0280555555556
2014,NOR,988.3855555555557
2014,NOR,37155.47694444444
2014,NOR,2930375.2402777765
2015,NOR,3010789.166111111
2015,NOR,35469.82722222222
2015,NOR,1072.703611111111
2015,NOR,1425.5199999999998
2015,NOR,1521.1652777777779
2016,NOR,1089.38
2016,NOR,36473.3575
2016,NOR,1012.6708333333331
2016,NOR,400.69972222222214
2016,NOR,3065620.6949999994
2017,NOR,35309.15611111111
2017,NOR,22.048333333333332
2017,NOR,1102.1997222222221
2017,NOR,3285292.0533333346
2017,NOR,1073.1002777777778
2012,NZL,528120.5225000001
2012,NZL,3623.4536111111115
2012,NZL,27486.851111111115
2012,NZL,6137.638333333333
2013,NZL,28536.446666666663
2013,NZL,2824.861666666667
2013,NZL,5587.0827777777795
2013,NZL,578446.1436111111
2014,NZL,591666.1986111113
2014,NZL,29654.40916666666
2014,NZL,2869.4625
2014,NZL,6127.659166666668
2015,NZL,593057.6847222223
2015,NZL,5807.476388888889
2015,NZL,29228.724722222225
2015,NZL,2343.153611111111
2016,NZL,599727.0708333335
2016,NZL,3217.7377777777783
2016,NZL,6532.249722222223
2016,NZL,29535.43694444445
2017,NZL,657526.0783333335
2017,NZL,6512.44888888889
2017,NZL,3230.6744444444457
2017,NZL,28845.34000000001
2012,PER,8724.924166666668
2012,PER,775604.2230555556
2013,PER,9480.59527777778
2013,PER,879322.156111111
2014,PER,864576.0025
2014,PER,9037.968333333332
2015,PER,8909.991111111112
2015,PER,878973.3352777779
2016,PER,849766.7097222224
2016,PER,8556.544444444444
2017,PER,8845.329166666666
2017,PER,875346.0630555555
2012,PNG,1690889.9477777774
2012,PNG,70.5011111111111
2013,PNG,1771446.8622222221
2013,PNG,173.89277777777778
2014,PNG,133.5263888888889
2014,PNG,1812201.0011111116
2015,PNG,1836092.6500000004
2016,PNG,47.72888888888889
2016,PNG,1942678.8511111112
2017,PNG,1988650.0627777781
2017,PNG,587.5330555555555
2012,PRT,360292.4283333333
2012,PRT,1754586.787222222
2012,PRT,442110.7855555555
2013,PRT,351656.4294444444
2013,PRT,2024635.0302777775
2013,PRT,428244.50388888887
2014,PRT,469925.7594444444
2014,PRT,2071601.015833333
2014,PRT,349936.6608333332
2015,PRT,466329.47388888896
2015,PRT,2029711.597222222
2015,PRT,340570.74527777766
2016,PRT,455206.94194444444
2016,PRT,2040783.1547222221
2016,PRT,343038.28583333327
2017,PRT,459894.88305555575
2017,PRT,337773.74999999994
2017,PRT,1994333.3283333336
2012,SDN,70172.93
2012,SDN,185470.18833333332
2013,SDN,209025.2511111111
2013,SDN,73029.7725
2014,SDN,75757.60444444444
2014,SDN,230765.54250000007
2015,SDN,76132.62333333332
2015,SDN,311577.48555555556
2016,SDN,74664.47138888888
2016,SDN,297114.46944444446
2017,SDN,77646.44555555553
2017,SDN,386898.7425
2012,SEN,411178.5916666666
2012,SEN,72670.21361111112
2013,SEN,72083.43722222222
2013,SEN,413504.9372222222
2014,SEN,68332.59500000002
2014,SEN,435388.1858333334
2015,SEN,67024.10027777778
2015,SEN,422316.5694444444
2016,SEN,405896.0283333335
2016,SEN,65995.8638888889
2017,SEN,448896.87472222233
2017,SEN,65872.06027777778
2012,STP,49965.03999999999
2012,STP,84802.73555555554
2013,STP,46022.69500000001
2013,STP,95837.22805555555
2014,STP,38833.94416666666
2014,STP,79967.23249999998
2015,STP,76031.14444444445
2015,STP,38319.78416666667
2016,STP,36675.66694444444
2016,STP,81606.21333333332
2017,STP,71902.73972222224
2017,STP,33922.57472222223
2012,TLS,45225.032777777764
2012,TLS,3660.8461111111114
2013,TLS,3369.557222222222
2013,TLS,46334.88444444443
2014,TLS,38672.63361111111
2014,TLS,3348.931388888889
2015,TLS,3440.944166666667
2015,TLS,38611.265555555554
2016,TLS,4638.105277777778
2016,TLS,47894.279444444444
2017,TLS,7617.845277777777
2017,TLS,46870.561944444446
2012,TWN,90687.82666666666
2012,TWN,1421679.8733333335
2013,TWN,2604683.4991666665
2013,TWN,186095.4947222222
2014,TWN,2602439.0994444448
2014,TWN,185483.68249999997
2015,TWN,149251.6861111111
2015,TWN,2766814.2677777773
2016,TWN,3169383.285000001
2016,TWN,147055.5983333333
2017,TWN,163592.60527777777
2017,TWN,3215969.874166666
2012,URY,39236.69055555556
2012,URY,703942.9055555556
2013,URY,839103.6536111111
2013,URY,54409.048055555555
2014,URY,974476.3486111112
2014,URY,70773.32166666664
2015,URY,820914.4630555555
2015,URY,37450.403333333335
2016,URY,1081604.6472222225
2016,URY,83999.8313888889
2017,URY,41664.14361111112
2017,URY,798413.5869444447
2012,USA,4239.094444444446
2012,USA,169847.6841666667
2012,USA,5321689.259444444
2012,USA,16623.643333333333
2012,USA,222919.0511111111
2012,USA,3286.1994444444445
2012,USA,120881.9613888889
2012,USA,54678.48861111111
2012,USA,6241.519722222223
2012,USA,5698.862777777777
2012,USA,940975.8802777778
2012,USA,55760.87305555556
2012,USA,14281.519722222223
2012,USA,12925.067222222226
2012,USA,40.90472222222222
2013,USA,4256.2891666666665
2013,USA,183714.78888888884
2013,USA,17115.460555555557
2013,USA,82.48472222222223
2013,USA,23905.63333333333
2013,USA,6578.926666666665
2013,USA,7502973.286111113
2013,USA,52689.462499999994
2013,USA,986482.9808333333
2013,USA,52954.95222222222
2013,USA,126149.94527777776
2013,USA,16236.58722222222
2013,USA,6160.7911111111125
2013,USA,164851.32472222223
2013,USA,3576.7102777777786
2014,USA,21655.98916666667
2014,USA,4883.785833333333
2014,USA,52927.53805555556
2014,USA,148341.61694444442
2014,USA,182599.6391666667
2014,USA,77.84111111111112
2014,USA,158824.71083333332
2014,USA,5800.666944444443
2014,USA,8149340.4072222235
2014,USA,5558.206944444445
2014,USA,986827.3519444445
2014,USA,12862.712500000001
2014,USA,27662.31944444444
2014,USA,62434.36027777776
2014,USA,5468.205555555554
2015,USA,177080.79416666672
2015,USA,5072.744444444444
2015,USA,60740.720555555556
2015,USA,15090.195833333337
2015,USA,19909.578333333342
2015,USA,5845.751111111112
2015,USA,5669.405000000002
2015,USA,143242.15111111116
2015,USA,5600.141388888889
2015,USA,27366.42861111111
2015,USA,7821596.235833333
2015,USA,137865.045
2015,USA,50.92805555555555
2015,USA,896976.6852777778
2015,USA,40407.81972222222
2016,USA,192721.1888888889
2016,USA,12054.657777777778
2016,USA,901568.2397222223
2016,USA,148717.98527777777
2016,USA,4440.701944444444
2016,USA,72054.3913888889
2016,USA,42.35722222222222
2016,USA,5920.024444444446
2016,USA,150523.67472222226
2016,USA,4693.108055555555
2016,USA,5456.4141666666665
2016,USA,27164.694444444445
2016,USA,7469032.518611113
2016,USA,17356.208611111113
2016,USA,57620.063611111116
2017,USA,4800.0636111111135
2017,USA,139233.31583333336
2017,USA,14198.297500000004
2017,USA,8362576.422500002
2017,USA,4152.965833333335
2017,USA,25261.296666666676
2017,USA,46.76722222222221
2017,USA,17582.951111111113
2017,USA,6446.093055555558
2017,USA,70335.90277777777
2017,USA,85215.87694444445
2017,USA,5062.817222222223
2017,USA,154120.68027777778
2017,USA,920738.8466666667
2017,USA,191512.2747222222
2012,VEN,910.6788888888888
2012,VEN,1577232.6586111109
2013,VEN,1726080.1052777774
2013,VEN,1067.3244444444445
2014,VEN,860.3375000000001
2014,VEN,1732083.6625
2015,VEN,1558773.5147222225
2015,VEN,866.9419444444443
2016,VEN,1129.1375
2016,VEN,1399596.5063888892
2017,VEN,1164.1122222222223
2017,VEN,1290701.9575000003
2012,ZAF,101.96055555555554
2012,ZAF,2500872.145
2013,ZAF,2622872.364166667
2013,ZAF,129.3925
2014,ZAF,2681212.4641666673
2014,ZAF,59.49750000000001
2015,ZAF,32.66055555555556
2015,ZAF,2822558.423055556
2016,ZAF,21.321944444444448
2016,ZAF,2933824.330833334
2017,ZAF,3195072.315
2017,ZAF,49.20305555555558
